"STATION","DATE","LATITUDE","LONGITUDE","ELEVATION","NAME","TEMP","TEMP_ATTRIBUTES","DEWP","DEWP_ATTRIBUTES","SLP","SLP_ATTRIBUTES","STP","STP_ATTRIBUTES","VISIB","VISIB_ATTRIBUTES","WDSP","WDSP_ATTRIBUTES","MXSPD","GUST","MAX","MAX_ATTRIBUTES","MIN","MIN_ATTRIBUTES","PRCP","PRCP_ATTRIBUTES","SNDP","FRSHTT"
"54511099999","2020-01-01","40.080111","116.584556","35.35","BEIJING CAPITAL INTERNATIONAL AIRPORT, CH","  20.3","24","   2.1","24","9999.9"," 0","999.9"," 0","  6.4","24","  3.3","24","  5.8"," 13.6","  33.1"," ","  10.6"," "," 0.00","G","999.9","000000"
"54511099999","2020-01-02","40.080111","116.584556","35.35","BEIJING CAPITAL INTERNATIONAL AIRPORT, CH","  27.1","24","   8.6","24","9999.9"," 0","999.9"," 0","  6.2","24","  4.0","24","  7.8"," 17.5","  39.6"," ","  13.3"," "," 0.00","G","999.9","000000"
"54511099999","2020-01-03","40.080111","116.584556","35.35","BEIJING CAPITAL INTERNATIONAL AIRPORT, CH","  29.5","24","  12.7","24","9999.9"," 0","999.9"," 0","  6.0","24","  3.1","24","  7.8","999.9","  45.9"," ","  17.6"," "," 0.00","G","999.9","000000"
"54511099999","2020-01-04","40.080111","116.584556","35.35","BEIJING CAPITAL INTERNATIONAL AIRPORT, CH","  32.4","24","  13.2","24","9999.9"," 0","999.9"," 0","  6.1","24","  3.6","24","  9.7"," 12.4","  50.0","*","  17.6","*"," 0.00","G","999.9","000000"
"54511099999","2020-01-05","40.080111","116.584556","35.35","BEIJING CAPITAL INTERNATIONAL AIRPORT, CH","  32.0","24","  24.3","24","9999.9"," 0","999.9"," 0","  3.9","24","  2.7","24","  3.9","999.9","  49.3"," ","  21.2"," "," 0.19","G","999.9","101000"
"54511099999","2020-01-06","40.080111","116.584556","35.35","BEIJING CAPITAL INTERNATIONAL AIRPORT, CH","  32.9","24","  24.0","24","9999.9"," 0","999.9"," 0","  4.9","24","  5.9","24"," 11.7"," 15.5","  38.3"," ","  25.3"," "," 0.01","G","  2.8","000000"
"54511099999","2020-01-07","40.080111","116.584556","35.35","BEIJING CAPITAL INTERNATIONAL AIRPORT, CH","  32.0","24","  11.5","24","9999.9"," 0","999.9"," 0","  6.7","24"," 10.8","24"," 17.5"," 21.6","  38.3"," ","  21.2","*"," 0.00","G","999.9","000000"
"54511099999","2020-01-08","40.080111","116.584556","35.35","BEIJING CAPITAL INTERNATIONAL AIRPORT, CH","  28.4","24","  11.4","24","9999.9"," 0","999.9"," 0","  6.7","24","  4.3","24","  9.7"," 16.9","  42.4"," ","  19.4","*"," 0.00","G","  1.2","000000"
"54511099999","2020-01-09","40.080111","116.584556","35.35","BEIJING CAPITAL INTERNATIONAL AIRPORT, CH","  26.6","24","  12.9","24","9999.9"," 0","999.9"," 0","  6.3","24","  3.5","24","  9.7","999.9","  42.4"," ","  17.6","*"," 0.00","G","999.9","000000"
"54511099999","2020-01-10","40.080111","116.584556","35.35","BEIJING CAPITAL INTERNATIONAL AIRPORT, CH","  32.9","24","   8.1","24","9999.9"," 0","999.9"," 0","  6.1","24"," 10.9","24"," 15.5"," 27.2","  43.9"," ","  20.7"," "," 0.00","G","999.9","000000"
"54511099999","2020-01-11","40.080111","116.584556","35.35","BEIJING CAPITAL INTERNATIONAL AIRPORT, CH","  27.1","24","   8.2","24","9999.9"," 0","999.9"," 0","  6.8","24","  4.9","24","  9.7"," 24.3","  43.9"," ","  19.4","*"," 0.00","G","999.9","000000"
"54511099999","2020-01-12","40.080111","116.584556","35.35","BEIJING CAPITAL INTERNATIONAL AIRPORT, CH","  25.6","24","   6.5","24","9999.9"," 0","999.9"," 0","  6.5","24","  5.4","24"," 13.6"," 20.0","  36.3"," ","  14.0","*"," 0.00","G","999.9","000000"
"54511099999","2020-01-13","40.080111","116.584556","35.35","BEIJING CAPITAL INTERNATIONAL AIRPORT, CH","  26.0","23","   1.4","23","9999.9"," 0","999.9"," 0","  6.7","23","  9.5","23"," 13.6"," 23.3","  36.3"," ","  15.8","*"," 0.00","G","999.9","000000"
"54511099999","2020-01-14","40.080111","116.584556","35.35","BEIJING CAPITAL INTERNATIONAL AIRPORT, CH","  21.3","24","   3.6","24","9999.9"," 0","999.9"," 0","  6.7","24","  3.8","24","  7.8"," 13.6","  34.0"," ","  10.4","*"," 0.00","G","999.9","000000"
"54511099999","2020-01-15","40.080111","116.584556","35.35","BEIJING CAPITAL INTERNATIONAL AIRPORT, CH","  26.3","24","   8.0","24","9999.9"," 0","999.9"," 0","  6.3","24","  4.6","24","  9.7","999.9","  35.6","*","  14.0","*"," 0.00","G","999.9","000000"
"54511099999","2020-01-16","40.080111","116.584556","35.35","BEIJING CAPITAL INTERNATIONAL AIRPORT, CH","  25.0","24","   7.9","24","9999.9"," 0","999.9"," 0","  6.7","24","  3.0","24","  9.7"," 12.2","  36.1"," ","  14.0","*"," 0.00","G","999.9","000000"
"54511099999","2020-01-17","40.080111","116.584556","35.35","BEIJING CAPITAL INTERNATIONAL AIRPORT, CH","  26.3","24","  11.0","24","9999.9"," 0","999.9"," 0","  6.0","24","  2.8","24","  5.8","999.9","  39.2","*","  14.0","*"," 0.00","G","999.9","000000"
"54511099999","2020-01-18","40.080111","116.584556","35.35","BEIJING CAPITAL INTERNATIONAL AIRPORT, CH","  26.2","24","  15.4","24","9999.9"," 0","999.9"," 0","  3.9","24","  3.8","24"," 10.3"," 24.9","  37.8"," ","  14.0","*"," 0.00","G","999.9","100000"
"54511099999","2020-01-19","40.080111","116.584556","35.35","BEIJING CAPITAL INTERNATIONAL AIRPORT, CH","  35.1","24","   5.1","24","9999.9"," 0","999.9"," 0","  6.2","24","  8.6","24"," 17.5"," 22.9","  42.8","*","  15.8","*"," 0.00","G","999.9","000000"
"54511099999","2020-01-20","40.080111","116.584556","35.35","BEIJING CAPITAL INTERNATIONAL AIRPORT, CH","  28.7","24","   3.7","24","9999.9"," 0","999.9"," 0","  6.7","24","  4.5","24"," 15.5"," 21.4","  43.2"," ","  14.0","*"," 0.00","G","999.9","000000"
"54511099999","2020-01-21","40.080111","116.584556","35.35","BEIJING CAPITAL INTERNATIONAL AIRPORT, CH","  27.9","24","  12.7","24","9999.9"," 0","999.9"," 0","  6.2","24","  3.2","24","  7.8","999.9","  43.2"," ","  15.8","*"," 0.00","G","999.9","000000"
"54511099999","2020-01-22","40.080111","116.584556","35.35","BEIJING CAPITAL INTERNATIONAL AIRPORT, CH","  27.9","24","  13.4","24","9999.9"," 0","999.9"," 0","  6.2","24","  3.3","24","  9.7","999.9","  43.0"," ","  17.6","*"," 0.00","G","999.9","000000"
"54511099999","2020-01-23","40.080111","116.584556","35.35","BEIJING CAPITAL INTERNATIONAL AIRPORT, CH","  32.2","24","  14.2","24","9999.9"," 0","999.9"," 0","  5.5","24","  4.3","24"," 11.7"," 13.2","  48.2","*","  17.6","*"," 0.00","G","999.9","000000"
"54511099999","2020-01-24","40.080111","116.584556","35.35","BEIJING CAPITAL INTERNATIONAL AIRPORT, CH","  27.2","24","   9.0","24","9999.9"," 0","999.9"," 0","  5.6","24","  3.7","24","  9.7"," 12.0","  47.7"," ","  15.8","*"," 0.00","G","999.9","000000"
"54511099999","2020-01-25","40.080111","116.584556","35.35","BEIJING CAPITAL INTERNATIONAL AIRPORT, CH","  27.7","24","  14.8","24","9999.9"," 0","999.9"," 0","  4.6","24","  4.0","24","  9.7"," 13.6","  42.8","*","  12.2","*"," 0.00","G","999.9","000000"
"54511099999","2020-01-26","40.080111","116.584556","35.35","BEIJING CAPITAL INTERNATIONAL AIRPORT, CH","  28.4","24","  17.6","24","9999.9"," 0","999.9"," 0","  3.0","24","  2.5","24","  5.8","999.9","  41.0"," ","  14.0","*"," 0.00","G","999.9","000000"
"54511099999","2020-01-27","40.080111","116.584556","35.35","BEIJING CAPITAL INTERNATIONAL AIRPORT, CH","  31.9","24","  17.6","24","9999.9"," 0","999.9"," 0","  4.2","24","  2.6","24","  5.8","999.9","  42.8","*","  22.1"," "," 0.00","G","999.9","000000"
"54511099999","2020-01-28","40.080111","116.584556","35.35","BEIJING CAPITAL INTERNATIONAL AIRPORT, CH","  33.1","24","  20.2","24","9999.9"," 0","999.9"," 0","  2.6","24","  2.4","24","  5.8","999.9","  44.6","*","  24.4"," "," 0.00","G","999.9","000000"
"54511099999","2020-01-29","40.080111","116.584556","35.35","BEIJING CAPITAL INTERNATIONAL AIRPORT, CH","  31.5","24","  15.9","24","9999.9"," 0","999.9"," 0","  5.8","24","  2.9","24","  7.8"," 11.8","  48.2","*","  15.8","*"," 0.00","G","999.9","000000"
"54511099999","2020-01-30","40.080111","116.584556","35.35","BEIJING CAPITAL INTERNATIONAL AIRPORT, CH","  30.1","24","  14.4","24","9999.9"," 0","999.9"," 0","  6.1","24","  3.6","24","  7.8"," 13.4","  47.1"," ","  15.8","*"," 0.00","G","999.9","000000"
"54511099999","2020-01-31","40.080111","116.584556","35.35","BEIJING CAPITAL INTERNATIONAL AIRPORT, CH","  36.2","24","   9.8","24","9999.9"," 0","999.9"," 0","  6.0","24","  6.2","24"," 13.6"," 18.1","  50.0","*","  15.8","*"," 0.00","G","999.9","000000"
"54511099999","2020-02-01","40.080111","116.584556","35.35","BEIJING CAPITAL INTERNATIONAL AIRPORT, CH","  34.8","24","  10.1","24","9999.9"," 0","999.9"," 0","  5.6","24","  5.3","24","  9.7"," 15.7","  48.0"," ","  22.1"," "," 0.04","G","999.9","001000"
"54511099999","2020-02-02","40.080111","116.584556","35.35","BEIJING CAPITAL INTERNATIONAL AIRPORT, CH","  26.9","24","  12.8","24","9999.9"," 0","999.9"," 0","  4.9","24","  5.6","24"," 15.5"," 24.1","  40.6"," ","  10.4","*"," 0.01","G","999.9","001000"
"54511099999","2020-02-03","40.080111","116.584556","35.35","BEIJING CAPITAL INTERNATIONAL AIRPORT, CH","  27.4","24","   8.4","24","9999.9"," 0","999.9"," 0","  6.7","24","  6.2","24"," 13.6"," 19.4","  38.5"," ","  12.2","*"," 0.00","G","999.9","000000"
"54511099999","2020-02-04","40.080111","116.584556","35.35","BEIJING CAPITAL INTERNATIONAL AIRPORT, CH","  24.6","24","  -1.7","24","9999.9"," 0","999.9"," 0","  6.7","24","  5.3","24"," 13.6"," 20.8","  38.5"," ","  12.2","*"," 0.00","G","999.9","000000"
"54511099999","2020-02-05","40.080111","116.584556","35.35","BEIJING CAPITAL INTERNATIONAL AIRPORT, CH","  21.2","24","  15.6","24","9999.9"," 0","999.9"," 0","  3.7","24","  5.2","24","  7.8"," 13.4","  36.9"," ","  16.2"," "," 0.11","G","999.9","001000"
"54511099999","2020-02-06","40.080111","116.584556","35.35","BEIJING CAPITAL INTERNATIONAL AIRPORT, CH","  21.1","24","  16.3","24","9999.9"," 0","999.9"," 0","  3.9","24","  3.7","24","  7.8","  9.7","  25.5"," ","  14.0","*"," 0.05","G","  2.0","001000"
"54511099999","2020-02-07","40.080111","116.584556","35.35","BEIJING CAPITAL INTERNATIONAL AIRPORT, CH","  24.1","24","  16.2","24","9999.9"," 0","999.9"," 0","  4.7","24","  3.2","24","  7.8","999.9","  35.6","*","  14.0","*"," 0.00","G","  1.2","000000"
"54511099999","2020-02-08","40.080111","116.584556","35.35","BEIJING CAPITAL INTERNATIONAL AIRPORT, CH","  30.9","24","  16.5","24","9999.9"," 0","999.9"," 0","  5.5","24","  2.9","24","  7.8"," 11.5","  45.5"," ","  15.8"," "," 0.00","G","  0.4","000000"
"54511099999","2020-02-09","40.080111","116.584556","35.35","BEIJING CAPITAL INTERNATIONAL AIRPORT, CH","  31.1","24","  22.3","24","9999.9"," 0","999.9"," 0","  3.5","24","  2.3","24","  5.8","999.9","  48.2","*","  19.4","*"," 0.00","G","999.9","000000"
"54511099999","2020-02-10","40.080111","116.584556","35.35","BEIJING CAPITAL INTERNATIONAL AIRPORT, CH","  35.2","24","  23.9","24","9999.9"," 0","999.9"," 0","  3.4","24","  2.7","24","  5.8","999.9","  54.9"," ","  23.0"," "," 0.00","G","999.9","000000"
"54511099999","2020-02-11","40.080111","116.584556","35.35","BEIJING CAPITAL INTERNATIONAL AIRPORT, CH","  35.8","24","  28.1","24","9999.9"," 0","999.9"," 0","  1.8","24","  2.6","24","  5.8"," 11.7","  54.9"," ","  24.4"," "," 0.00","G","999.9","000000"
"54511099999","2020-02-12","40.080111","116.584556","35.35","BEIJING CAPITAL INTERNATIONAL AIRPORT, CH","  37.0","24","  29.8","24","9999.9"," 0","999.9"," 0","  1.7","24","  2.4","24","  5.8","999.9","  53.6","*","  24.8","*"," 0.00","G","999.9","100000"
"54511099999","2020-02-13","40.080111","116.584556","35.35","BEIJING CAPITAL INTERNATIONAL AIRPORT, CH","  42.1","24","  38.6","24","9999.9"," 0","999.9"," 0","  1.3","24","  3.8","24"," 15.5"," 27.6","  53.2"," ","  28.4","*"," 0.17","G","999.9","111000"
"54511099999","2020-02-14","40.080111","116.584556","35.35","BEIJING CAPITAL INTERNATIONAL AIRPORT, CH","  29.5","24","  21.0","24","9999.9"," 0","999.9"," 0","  4.7","24"," 11.9","24"," 21.4"," 40.8","  47.7"," ","  23.0","*"," 0.99","G","999.9","011000"
"54511099999","2020-02-15","40.080111","116.584556","35.35","BEIJING CAPITAL INTERNATIONAL AIRPORT, CH","  26.5","24","   4.7","24","9999.9"," 0","999.9"," 0","  6.7","24"," 16.1","24"," 25.3"," 35.0","  32.7"," ","  23.0"," "," 0.00","G","  2.8","000000"
"54511099999","2020-02-16","40.080111","116.584556","35.35","BEIJING CAPITAL INTERNATIONAL AIRPORT, CH","  31.8","24","   7.6","24","9999.9"," 0","999.9"," 0","  6.7","24"," 11.7","24"," 21.4"," 28.0","  39.2","*","  23.0","*"," 0.00","G","  2.0","000000"
"54511099999","2020-02-17","40.080111","116.584556","35.35","BEIJING CAPITAL INTERNATIONAL AIRPORT, CH","  33.1","24","  15.7","24","9999.9"," 0","999.9"," 0","  6.7","24","  4.6","24"," 15.5"," 25.3","  50.0","*","  21.2","*"," 0.00","G","  1.6","000000"
"54511099999","2020-02-18","40.080111","116.584556","35.35","BEIJING CAPITAL INTERNATIONAL AIRPORT, CH","  37.0","24","  20.8","24","9999.9"," 0","999.9"," 0","  6.5","24","  3.6","24","  7.8","999.9","  51.8","*","  24.3"," "," 0.00","G","  0.8","000000"
"54511099999","2020-02-19","40.080111","116.584556","35.35","BEIJING CAPITAL INTERNATIONAL AIRPORT, CH","  37.1","24","  25.7","24","9999.9"," 0","999.9"," 0","  5.1","24","  3.0","24","  7.8"," 12.6","  50.4"," ","  26.6","*"," 0.00","G","999.9","000000"
"54511099999","2020-02-20","40.080111","116.584556","35.35","BEIJING CAPITAL INTERNATIONAL AIRPORT, CH","  34.4","24","  29.4","24","9999.9"," 0","999.9"," 0","  2.1","24","  2.6","24","  5.8"," 10.3","  46.4"," ","  28.4","*"," 0.00","G","999.9","000000"
"54511099999","2020-02-21","40.080111","116.584556","35.35","BEIJING CAPITAL INTERNATIONAL AIRPORT, CH","  39.9","24","  14.5","24","9999.9"," 0","999.9"," 0","  5.2","24","  9.0","24"," 21.4"," 27.2","  53.6","*","  28.4","*"," 0.00","G","999.9","000000"
"54511099999","2020-02-22","40.080111","116.584556","35.35","BEIJING CAPITAL INTERNATIONAL AIRPORT, CH","  38.1","24","   9.3","24","9999.9"," 0","999.9"," 0","  6.7","24","  6.1","24"," 13.6"," 22.0","  51.8","*","  24.8","*"," 0.00","G","999.9","000000"
"54511099999","2020-02-23","40.080111","116.584556","35.35","BEIJING CAPITAL INTERNATIONAL AIRPORT, CH","  37.8","24","  20.9","24","9999.9"," 0","999.9"," 0","  6.3","24","  2.7","24","  5.8","999.9","  50.5"," ","  26.6","*"," 0.00","G","999.9","000000"
"54511099999","2020-02-24","40.080111","116.584556","35.35","BEIJING CAPITAL INTERNATIONAL AIRPORT, CH","  42.7","24","  24.3","24","9999.9"," 0","999.9"," 0","  6.2","24","  3.2","24","  9.7"," 13.8","  50.5"," ","  29.5"," "," 0.00","G","999.9","000000"
"54511099999","2020-02-25","40.080111","116.584556","35.35","BEIJING CAPITAL INTERNATIONAL AIRPORT, CH","  42.9","24","  22.5","24","9999.9"," 0","999.9"," 0","  6.2","24","  4.8","24","  9.7"," 12.8","  51.8","*","  30.2","*"," 0.00","G","999.9","000000"
"54511099999","2020-02-26","40.080111","116.584556","35.35","BEIJING CAPITAL INTERNATIONAL AIRPORT, CH","  39.6","24","  21.7","24","9999.9"," 0","999.9"," 0","  6.4","24","  4.9","24","  9.7"," 14.0","  49.8"," ","  30.2","*"," 0.00","G","999.9","000000"
"54511099999","2020-02-27","40.080111","116.584556","35.35","BEIJING CAPITAL INTERNATIONAL AIRPORT, CH","  36.1","24","  18.1","24","9999.9"," 0","999.9"," 0","  6.7","24","  5.0","24"," 11.7"," 15.7","  47.3"," ","  24.8","*"," 0.00","G","999.9","000000"
"54511099999","2020-02-28","40.080111","116.584556","35.35","BEIJING CAPITAL INTERNATIONAL AIRPORT, CH","  39.1","24","  27.2","24","9999.9"," 0","999.9"," 0","  5.3","24","  3.6","24","  9.7"," 11.1","  48.2","*","  27.1"," "," 0.00","G","999.9","000000"
"54511099999","2020-02-29","40.080111","116.584556","35.35","BEIJING CAPITAL INTERNATIONAL AIRPORT, CH","  37.1","24","  36.3","24","9999.9"," 0","999.9"," 0","  1.4","24","  2.8","24","  5.8","999.9","  46.9"," ","  30.4"," "," 0.11","G","999.9","110000"
"54511099999","2020-03-01","40.080111","116.584556","35.35","BEIJING CAPITAL INTERNATIONAL AIRPORT, CH","  37.3","24","  16.3","24","9999.9"," 0","999.9"," 0","  5.6","24","  6.9","24"," 21.4"," 33.0","  51.8","*","  21.2","*"," 0.00","G","999.9","100000"
"54511099999","2020-03-02","40.080111","116.584556","35.35","BEIJING CAPITAL INTERNATIONAL AIRPORT, CH","  38.3","24","  22.9","24","9999.9"," 0","999.9"," 0","  4.9","24","  6.2","24"," 15.5"," 17.7","  51.1"," ","  23.4"," "," 0.17","G","999.9","111000"
"54511099999","2020-03-03","40.080111","116.584556","35.35","BEIJING CAPITAL INTERNATIONAL AIRPORT, CH","  35.0","24","   7.8","24","9999.9"," 0","999.9"," 0","  6.7","24"," 13.2","24"," 21.4"," 33.0","  49.1"," ","  19.4","*"," 0.00","G","999.9","000000"
"54511099999","2020-03-04","40.080111","116.584556","35.35","BEIJING CAPITAL INTERNATIONAL AIRPORT, CH","  34.0","24","   8.3","24","9999.9"," 0","999.9"," 0","  6.7","24","  4.3","24","  8.2"," 21.6","  46.6"," ","  19.4","*"," 0.00","G","999.9","000000"
"54511099999","2020-03-05","40.080111","116.584556","35.35","BEIJING CAPITAL INTERNATIONAL AIRPORT, CH","  37.1","24","  17.2","24","9999.9"," 0","999.9"," 0","  6.3","24","  5.7","24"," 15.5"," 22.1","  48.7"," ","  26.4"," "," 0.00","G","999.9","000000"
"54511099999","2020-03-06","40.080111","116.584556","35.35","BEIJING CAPITAL INTERNATIONAL AIRPORT, CH","  41.0","24","  32.1","24","9999.9"," 0","999.9"," 0","  3.8","24","  4.5","24","  9.7"," 12.6","  51.8","*","  29.7"," "," 0.04","G","999.9","010000"
"54511099999","2020-03-07","40.080111","116.584556","35.35","BEIJING CAPITAL INTERNATIONAL AIRPORT, CH","  48.0","24","  30.4","24","9999.9"," 0","999.9"," 0","  4.3","24","  5.8","24","  9.7"," 16.5","  60.1"," ","  34.0"," "," 0.00","G","999.9","100000"
"54511099999","2020-03-08","40.080111","116.584556","35.35","BEIJING CAPITAL INTERNATIONAL AIRPORT, CH","  40.8","24","  39.0","24","9999.9"," 0","999.9"," 0","  1.4","24","  3.9","24","  5.8","999.9","  60.1"," ","  38.3"," "," 0.13","G","999.9","110000"
"54511099999","2020-03-09","40.080111","116.584556","35.35","BEIJING CAPITAL INTERNATIONAL AIRPORT, CH","  41.6","24","  35.3","24","9999.9"," 0","999.9"," 0","  5.4","24","  4.5","24"," 11.7"," 12.4","  53.6","*","  26.6","*"," 0.02","G","999.9","010000"
"54511099999","2020-03-10","40.080111","116.584556","35.35","BEIJING CAPITAL INTERNATIONAL AIRPORT, CH","  39.6","24","   9.3","24","9999.9"," 0","999.9"," 0","  6.5","24","  7.6","24"," 25.3"," 31.1","  53.1"," ","  23.0","*"," 0.00","G","999.9","000000"
"54511099999","2020-03-11","40.080111","116.584556","35.35","BEIJING CAPITAL INTERNATIONAL AIRPORT, CH","  43.7","22","  21.1","22","9999.9"," 0","999.9"," 0","  6.6","22","  3.9","22","  9.7"," 13.8","  61.7"," ","  28.6"," "," 0.00","G","999.9","000000"
"54511099999","2020-03-12","40.080111","116.584556","35.35","BEIJING CAPITAL INTERNATIONAL AIRPORT, CH","  47.2","24","   8.4","24","9999.9"," 0","999.9"," 0","  6.3","24","  7.6","24"," 13.6"," 21.4","  61.7"," ","  26.6","*"," 0.00","G","999.9","000000"
"54511099999","2020-03-13","40.080111","116.584556","35.35","BEIJING CAPITAL INTERNATIONAL AIRPORT, CH","  42.5","23","   8.4","23","9999.9"," 0","999.9"," 0","  7.2","23","  7.6","23"," 19.4"," 29.1","  57.7"," ","  24.8","*"," 0.00","G","999.9","000000"
"54511099999","2020-03-14","40.080111","116.584556","35.35","BEIJING CAPITAL INTERNATIONAL AIRPORT, CH","  47.9","21","  12.4","21","9999.9"," 0","999.9"," 0","  7.7","21","  7.3","21"," 19.4"," 25.3","  61.2"," ","  31.5"," "," 0.00","G","999.9","000000"
"54511099999","2020-03-15","40.080111","116.584556","35.35","BEIJING CAPITAL INTERNATIONAL AIRPORT, CH","  48.2","24","  19.8","24","9999.9"," 0","999.9"," 0","  6.7","24","  5.3","24"," 11.7"," 20.4","  64.9"," ","  26.6","*"," 0.00","G","999.9","000000"
"54511099999","2020-03-16","40.080111","116.584556","35.35","BEIJING CAPITAL INTERNATIONAL AIRPORT, CH","  40.8","24","  24.1","24","9999.9"," 0","999.9"," 0","  6.4","24","  2.8","24","  6.0"," 16.1","  64.9"," ","  28.4","*"," 0.00","G","999.9","000000"
"54511099999","2020-03-17","40.080111","116.584556","35.35","BEIJING CAPITAL INTERNATIONAL AIRPORT, CH","  55.1","24","  24.5","24","9999.9"," 0","999.9"," 0","  6.2","24","  3.6","24"," 11.7"," 13.4","  73.9"," ","  33.4"," "," 0.00","G","999.9","000000"
"54511099999","2020-03-18","40.080111","116.584556","35.35","BEIJING CAPITAL INTERNATIONAL AIRPORT, CH","  56.1","24","  17.5","24","9999.9"," 0","999.9"," 0","  6.0","24"," 13.1","24"," 31.1"," 44.7","  79.2"," ","  39.9"," "," 0.00","G","999.9","000000"
"54511099999","2020-03-19","40.080111","116.584556","35.35","BEIJING CAPITAL INTERNATIONAL AIRPORT, CH","  51.9","24","  10.7","24","9999.9"," 0","999.9"," 0","  6.7","24","  8.7","24"," 23.3"," 25.8","  79.2"," ","  37.4","*"," 0.00","G","999.9","000000"
"54511099999","2020-03-20","40.080111","116.584556","35.35","BEIJING CAPITAL INTERNATIONAL AIRPORT, CH","  60.9","24","  22.1","24","9999.9"," 0","999.9"," 0","  6.4","24","  5.6","24"," 15.5"," 25.3","  77.0","*","  42.8"," "," 0.00","G","999.9","000000"
"54511099999","2020-03-21","40.080111","116.584556","35.35","BEIJING CAPITAL INTERNATIONAL AIRPORT, CH","  52.1","24","  22.1","24","9999.9"," 0","999.9"," 0","  6.3","24","  5.5","24","  9.7"," 19.2","  75.4"," ","  32.0","*"," 0.00","G","999.9","000000"
"54511099999","2020-03-22","40.080111","116.584556","35.35","BEIJING CAPITAL INTERNATIONAL AIRPORT, CH","  53.9","24","  27.1","24","9999.9"," 0","999.9"," 0","  6.4","24","  5.3","24"," 13.6"," 20.2","  71.6","*","  36.0"," "," 0.00","G","999.9","000000"
"54511099999","2020-03-23","40.080111","116.584556","35.35","BEIJING CAPITAL INTERNATIONAL AIRPORT, CH","  54.8","24","  23.8","24","9999.9"," 0","999.9"," 0","  6.2","24","  5.3","24"," 13.6"," 17.5","  72.1"," ","  37.4","*"," 0.00","G","999.9","000000"
"54511099999","2020-03-24","40.080111","116.584556","35.35","BEIJING CAPITAL INTERNATIONAL AIRPORT, CH","  56.6","24","  34.9","24","9999.9"," 0","999.9"," 0","  5.8","24","  3.8","24","  7.8"," 13.8","  72.1"," ","  43.3"," "," 0.00","G","999.9","000000"
"54511099999","2020-03-25","40.080111","116.584556","35.35","BEIJING CAPITAL INTERNATIONAL AIRPORT, CH","  60.5","24","  40.4","24","9999.9"," 0","999.9"," 0","  4.4","24","  7.0","24"," 21.4"," 30.5","  71.6","*","  41.0","*"," 0.00","G","999.9","010000"
"54511099999","2020-03-26","40.080111","116.584556","35.35","BEIJING CAPITAL INTERNATIONAL AIRPORT, CH","  44.2","24","  12.7","24","9999.9"," 0","999.9"," 0","  6.7","24"," 10.6","24"," 17.5"," 30.5","  70.3"," ","  32.0","*"," 0.13","G","999.9","011000"
"54511099999","2020-03-27","40.080111","116.584556","35.35","BEIJING CAPITAL INTERNATIONAL AIRPORT, CH","  42.8","24","   4.2","24","9999.9"," 0","999.9"," 0","  6.7","24","  9.5","24"," 21.4"," 31.1","  59.0","*","  23.0","*"," 0.00","G","999.9","000000"
"54511099999","2020-03-28","40.080111","116.584556","35.35","BEIJING CAPITAL INTERNATIONAL AIRPORT, CH","  45.4","24","  11.1","24","9999.9"," 0","999.9"," 0","  6.7","24","  5.1","24","  9.7","999.9","  57.6"," ","  30.0"," "," 0.00","G","999.9","000000"
"54511099999","2020-03-29","40.080111","116.584556","35.35","BEIJING CAPITAL INTERNATIONAL AIRPORT, CH","  49.8","24","  24.8","24","9999.9"," 0","999.9"," 0","  6.4","24","  4.9","24"," 11.7"," 17.5","  62.6","*","  33.8","*"," 0.00","G","999.9","000000"
"54511099999","2020-03-30","40.080111","116.584556","35.35","BEIJING CAPITAL INTERNATIONAL AIRPORT, CH","  54.5","24","  34.6","24","9999.9"," 0","999.9"," 0","  6.1","24","  5.4","24"," 11.7"," 17.5","  64.4"," ","  43.3"," "," 0.00","G","999.9","000000"
"54511099999","2020-03-31","40.080111","116.584556","35.35","BEIJING CAPITAL INTERNATIONAL AIRPORT, CH","  56.5","24","  29.0","24","9999.9"," 0","999.9"," 0","  5.4","24","  6.9","24"," 13.6"," 27.2","  66.6"," ","  46.8"," "," 0.00","G","999.9","010000"
"54511099999","2020-04-01","40.080111","116.584556","35.35","BEIJING CAPITAL INTERNATIONAL AIRPORT, CH","  50.0","24","  13.3","24","9999.9"," 0","999.9"," 0","  6.7","24","  5.0","24","  9.7","999.9","  66.6"," ","  33.8","*"," 0.00","G","999.9","000000"
"54511099999","2020-04-02","40.080111","116.584556","35.35","BEIJING CAPITAL INTERNATIONAL AIRPORT, CH","  55.3","24","  15.2","24","9999.9"," 0","999.9"," 0","  6.6","24","  6.2","24"," 15.5","999.9","  70.2"," ","  35.1"," "," 0.00","G","999.9","000000"
"54511099999","2020-04-03","40.080111","116.584556","35.35","BEIJING CAPITAL INTERNATIONAL AIRPORT, CH","  65.7","24","  15.2","24","9999.9"," 0","999.9"," 0","  6.7","24","  7.3","24"," 15.5"," 25.3","  78.8","*","  38.7"," "," 0.00","G","999.9","000000"
"54511099999","2020-04-04","40.080111","116.584556","35.35","BEIJING CAPITAL INTERNATIONAL AIRPORT, CH","  53.0","24","  24.9","24","9999.9"," 0","999.9"," 0","  6.2","24","  7.0","24"," 11.7","999.9","  77.9"," ","  33.8","*"," 0.00","G","999.9","000000"
"54511099999","2020-04-05","40.080111","116.584556","35.35","BEIJING CAPITAL INTERNATIONAL AIRPORT, CH","  53.4","24","  24.8","24","9999.9"," 0","999.9"," 0","  6.4","24","  4.0","24","  7.8","999.9","  65.5"," ","  39.0"," "," 0.00","G","999.9","000000"
"54511099999","2020-04-06","40.080111","116.584556","35.35","BEIJING CAPITAL INTERNATIONAL AIRPORT, CH","  60.5","24","  33.3","24","9999.9"," 0","999.9"," 0","  6.0","24","  4.4","24","  7.8"," 12.4","  75.2","*","  44.6"," "," 0.00","G","999.9","000000"
"54511099999","2020-04-07","40.080111","116.584556","35.35","BEIJING CAPITAL INTERNATIONAL AIRPORT, CH","  53.4","24","  22.2","24","9999.9"," 0","999.9"," 0","  6.1","24","  5.7","24"," 11.7","999.9","  74.5"," ","  35.6","*"," 0.00","G","999.9","000000"
"54511099999","2020-04-08","40.080111","116.584556","35.35","BEIJING CAPITAL INTERNATIONAL AIRPORT, CH","  53.2","24","  21.4","24","9999.9"," 0","999.9"," 0","  6.9","24","  5.6","24","  9.7","999.9","  65.5"," ","  38.7"," "," 0.05","G","999.9","010000"
"54511099999","2020-04-09","40.080111","116.584556","35.35","BEIJING CAPITAL INTERNATIONAL AIRPORT, CH","  49.9","24","  32.6","24","9999.9"," 0","999.9"," 0","  6.2","24","  4.5","24","  9.7","999.9","  59.7"," ","  38.8"," "," 0.00","G","999.9","010000"
"54511099999","2020-04-10","40.080111","116.584556","35.35","BEIJING CAPITAL INTERNATIONAL AIRPORT, CH","  52.8","24","  27.0","24","9999.9"," 0","999.9"," 0","  6.1","24","  3.9","24","  7.8","999.9","  64.4","*","  37.4","*"," 0.00","G","999.9","000000"
"54511099999","2020-04-11","40.080111","116.584556","35.35","BEIJING CAPITAL INTERNATIONAL AIRPORT, CH","  60.2","24","  13.8","24","9999.9"," 0","999.9"," 0","  6.6","24","  6.4","24"," 11.7","999.9","  75.2","*","  39.2"," "," 0.00","G","999.9","000000"
"54511099999","2020-04-12","40.080111","116.584556","35.35","BEIJING CAPITAL INTERNATIONAL AIRPORT, CH","  60.9","24","  20.1","24","9999.9"," 0","999.9"," 0","  6.4","24","  5.4","24","  9.7"," 19.4","  80.6","*","  37.4","*"," 0.00","G","999.9","000000"
"54511099999","2020-04-13","40.080111","116.584556","35.35","BEIJING CAPITAL INTERNATIONAL AIRPORT, CH","  61.4","24","  25.3","24","9999.9"," 0","999.9"," 0","  6.1","24","  3.7","24","  9.7","999.9","  80.8"," ","  41.0","*"," 0.00","G","999.9","000000"
"54511099999","2020-04-14","40.080111","116.584556","35.35","BEIJING CAPITAL INTERNATIONAL AIRPORT, CH","  66.1","24","  38.4","24","9999.9"," 0","999.9"," 0","  5.5","24","  5.0","24"," 11.7"," 23.3","  80.8"," ","  48.0"," "," 0.00","G","999.9","010000"
"54511099999","2020-04-15","40.080111","116.584556","35.35","BEIJING CAPITAL INTERNATIONAL AIRPORT, CH","  63.5","24","  45.3","24","9999.9"," 0","999.9"," 0","  5.2","24","  6.6","24"," 17.5"," 19.4","  79.7"," ","  50.0","*"," 0.35","G","999.9","010010"
"54511099999","2020-04-16","40.080111","116.584556","35.35","BEIJING CAPITAL INTERNATIONAL AIRPORT, CH","  57.3","24","  40.4","24","9999.9"," 0","999.9"," 0","  6.7","24","  7.7","24"," 21.4"," 29.5","  76.1"," ","  48.2","*"," 0.00","G","999.9","000000"
"54511099999","2020-04-17","40.080111","116.584556","35.35","BEIJING CAPITAL INTERNATIONAL AIRPORT, CH","  59.0","24","  35.6","24","9999.9"," 0","999.9"," 0","  6.7","24","  6.7","24"," 15.5"," 23.3","  71.6","*","  41.0","*"," 0.00","G","999.9","000000"
"54511099999","2020-04-18","40.080111","116.584556","35.35","BEIJING CAPITAL INTERNATIONAL AIRPORT, CH","  63.7","24","  38.1","24","9999.9"," 0","999.9"," 0","  6.3","24","  4.8","24","  7.8","999.9","  73.4","*","  47.7"," "," 0.00","G","999.9","000000"
"54511099999","2020-04-19","40.080111","116.584556","35.35","BEIJING CAPITAL INTERNATIONAL AIRPORT, CH","  60.2","24","  36.3","24","9999.9"," 0","999.9"," 0","  6.0","24"," 13.3","24"," 27.2"," 38.9","  72.1"," ","  50.0","*"," 0.10","G","999.9","010010"
"54511099999","2020-04-20","40.080111","116.584556","35.35","BEIJING CAPITAL INTERNATIONAL AIRPORT, CH","  51.1","24","  12.6","24","9999.9"," 0","999.9"," 0","  6.7","24"," 13.0","24"," 29.1"," 35.0","  70.5"," ","  37.4","*"," 0.00","G","999.9","000000"
"54511099999","2020-04-21","40.080111","116.584556","35.35","BEIJING CAPITAL INTERNATIONAL AIRPORT, CH","  49.0","24","   0.8","24","9999.9"," 0","999.9"," 0","  6.7","24"," 17.9","24"," 25.3"," 35.0","  60.3"," ","  37.2"," "," 0.00","G","999.9","000000"
"54511099999","2020-04-22","40.080111","116.584556","35.35","BEIJING CAPITAL INTERNATIONAL AIRPORT, CH","  52.1","24","   2.9","24","9999.9"," 0","999.9"," 0","  6.7","24"," 14.2","24"," 21.4"," 35.0","  60.8"," ","  43.0"," "," 0.00","G","999.9","000000"
"54511099999","2020-04-23","40.080111","116.584556","35.35","BEIJING CAPITAL INTERNATIONAL AIRPORT, CH","  57.0","24","   7.4","24","9999.9"," 0","999.9"," 0","  6.7","24","  9.4","24"," 19.4"," 29.1","  68.0","*","  39.2","*"," 0.00","G","999.9","000000"
"54511099999","2020-04-24","40.080111","116.584556","35.35","BEIJING CAPITAL INTERNATIONAL AIRPORT, CH","  71.7","24","  13.4","24","9999.9"," 0","999.9"," 0","  6.5","24"," 13.4","24"," 21.4"," 35.0","  86.0"," ","  44.8"," "," 0.00","G","999.9","000000"
"54511099999","2020-04-25","40.080111","116.584556","35.35","BEIJING CAPITAL INTERNATIONAL AIRPORT, CH","  58.4","24","  23.0","24","9999.9"," 0","999.9"," 0","  6.7","24","  5.3","24"," 15.5"," 17.5","  86.0"," ","  39.2","*"," 0.00","G","999.9","000000"
"54511099999","2020-04-26","40.080111","116.584556","35.35","BEIJING CAPITAL INTERNATIONAL AIRPORT, CH","  58.8","24","  27.6","24","9999.9"," 0","999.9"," 0","  6.6","24","  4.5","24","  9.7"," 17.5","  73.4","*","  39.2","*"," 0.00","G","999.9","000000"
"54511099999","2020-04-27","40.080111","116.584556","35.35","BEIJING CAPITAL INTERNATIONAL AIRPORT, CH","  60.6","24","  33.7","24","9999.9"," 0","999.9"," 0","  6.3","24","  4.0","24"," 11.7"," 17.5","  78.8","*","  42.8","*"," 0.00","G","999.9","000000"
"54511099999","2020-04-28","40.080111","116.584556","35.35","BEIJING CAPITAL INTERNATIONAL AIRPORT, CH","  70.5","24","  43.3","24","9999.9"," 0","999.9"," 0","  6.2","24","  6.0","24","  9.7","999.9","  84.2","*","  48.6"," "," 0.00","G","999.9","000000"
"54511099999","2020-04-29","40.080111","116.584556","35.35","BEIJING CAPITAL INTERNATIONAL AIRPORT, CH","  69.7","24","  48.2","24","9999.9"," 0","999.9"," 0","  6.0","24","  4.1","24","  7.8","999.9","  84.4"," ","  51.8","*"," 0.00","G","999.9","000000"
"54511099999","2020-04-30","40.080111","116.584556","35.35","BEIJING CAPITAL INTERNATIONAL AIRPORT, CH","  76.4","24","  57.9","24","9999.9"," 0","999.9"," 0","  3.8","24","  4.5","24","  9.7","999.9","  91.4","*","  56.8"," "," 0.00","G","999.9","000000"
"54511099999","2020-05-01","40.080111","116.584556","35.35","BEIJING CAPITAL INTERNATIONAL AIRPORT, CH","  80.8","24","  61.5","24","9999.9"," 0","999.9"," 0","  4.6","24","  5.5","24","  9.7","999.9","  93.4"," ","  63.5"," "," 0.00","G","999.9","000000"
"54511099999","2020-05-02","40.080111","116.584556","35.35","BEIJING CAPITAL INTERNATIONAL AIRPORT, CH","  77.9","24","  62.1","24","9999.9"," 0","999.9"," 0","  5.2","24","  7.4","24"," 11.7"," 19.4","  93.4"," ","  66.2","*"," 0.00","G","999.9","000000"
"54511099999","2020-05-03","40.080111","116.584556","35.35","BEIJING CAPITAL INTERNATIONAL AIRPORT, CH","  69.1","24","  58.6","24","9999.9"," 0","999.9"," 0","  3.8","24","  4.9","24","  7.8","999.9","  89.8"," ","  60.4"," "," 0.00","G","999.9","010000"
"54511099999","2020-05-04","40.080111","116.584556","35.35","BEIJING CAPITAL INTERNATIONAL AIRPORT, CH","  57.9","24","  48.7","24","9999.9"," 0","999.9"," 0","  5.7","24","  5.4","24","  9.7"," 15.5","  77.9"," ","  46.4","*"," 0.00","G","999.9","010000"
"54511099999","2020-05-05","40.080111","116.584556","35.35","BEIJING CAPITAL INTERNATIONAL AIRPORT, CH","  65.6","24","  54.0","24","9999.9"," 0","999.9"," 0","  4.4","24","  5.0","24","  9.7","999.9","  77.0","*","  53.8"," "," 0.00","G","999.9","000000"
"54511099999","2020-05-06","40.080111","116.584556","35.35","BEIJING CAPITAL INTERNATIONAL AIRPORT, CH","  68.6","24","  51.8","24","9999.9"," 0","999.9"," 0","  4.8","24","  5.2","24","  9.7","999.9","  77.7"," ","  58.1"," "," 0.00","G","999.9","010000"
"54511099999","2020-05-07","40.080111","116.584556","35.35","BEIJING CAPITAL INTERNATIONAL AIRPORT, CH","  62.0","24","  54.0","24","9999.9"," 0","999.9"," 0","  3.3","24","  3.6","24","  5.8","999.9","  77.7"," ","  55.9"," "," 0.30","G","999.9","010000"
"54511099999","2020-05-08","40.080111","116.584556","35.35","BEIJING CAPITAL INTERNATIONAL AIRPORT, CH","  57.1","24","  52.8","24","9999.9"," 0","999.9"," 0","  4.8","24","  3.8","24","  7.8","999.9","  66.4"," ","  50.0","*"," 0.13","G","999.9","010000"
"54511099999","2020-05-09","40.080111","116.584556","35.35","BEIJING CAPITAL INTERNATIONAL AIRPORT, CH","  60.6","24","  53.5","24","9999.9"," 0","999.9"," 0","  4.8","24","  3.7","24","  9.7","999.9","  69.8","*","  48.2","*"," 0.00","G","999.9","000000"
"54511099999","2020-05-10","40.080111","116.584556","35.35","BEIJING CAPITAL INTERNATIONAL AIRPORT, CH","  69.4","24","  26.3","24","9999.9"," 0","999.9"," 0","  6.2","24"," 11.8","24"," 19.4"," 29.1","  80.6","*","  51.4"," "," 0.00","G","999.9","000000"
"54511099999","2020-05-11","40.080111","116.584556","35.35","BEIJING CAPITAL INTERNATIONAL AIRPORT, CH","  73.0","24","  25.8","24","9999.9"," 0","999.9"," 0","  6.3","24"," 12.9","24"," 21.4"," 36.9","  86.0","*","  58.5"," "," 0.00","G","999.9","000000"
"54511099999","2020-05-12","40.080111","116.584556","35.35","BEIJING CAPITAL INTERNATIONAL AIRPORT, CH","  66.5","24","  36.7","24","9999.9"," 0","999.9"," 0","  6.7","24","  7.1","24"," 17.5","999.9","  82.4","*","  48.2","*"," 0.00","G","999.9","000000"
"54511099999","2020-05-13","40.080111","116.584556","35.35","BEIJING CAPITAL INTERNATIONAL AIRPORT, CH","  75.4","24","  53.1","24","9999.9"," 0","999.9"," 0","  6.3","24","  5.4","24"," 13.6","999.9","  87.8","*","  53.4"," "," 0.00","G","999.9","000000"
"54511099999","2020-05-14","40.080111","116.584556","35.35","BEIJING CAPITAL INTERNATIONAL AIRPORT, CH","  74.8","24","  53.6","24","9999.9"," 0","999.9"," 0","  6.0","24","  7.4","24"," 13.6","999.9","  87.8","*","  63.9"," "," 0.00","G","999.9","000000"
"54511099999","2020-05-15","40.080111","116.584556","35.35","BEIJING CAPITAL INTERNATIONAL AIRPORT, CH","  65.3","24","  54.6","24","9999.9"," 0","999.9"," 0","  6.0","24","  6.2","24","  9.7","999.9","  86.5"," ","  59.0","*"," 0.00","G","999.9","000000"
"54511099999","2020-05-16","40.080111","116.584556","35.35","BEIJING CAPITAL INTERNATIONAL AIRPORT, CH","  59.5","24","  49.2","24","9999.9"," 0","999.9"," 0","  5.0","24","  3.0","24","  5.8","999.9","  72.5"," ","  46.4","*"," 0.00","G","999.9","010000"
"54511099999","2020-05-17","40.080111","116.584556","35.35","BEIJING CAPITAL INTERNATIONAL AIRPORT, CH","  60.2","24","  35.3","24","9999.9"," 0","999.9"," 0","  6.4","24","  6.6","24"," 17.5"," 23.3","  73.0"," ","  46.4","*"," 0.00","G","999.9","010000"
"54511099999","2020-05-18","40.080111","116.584556","35.35","BEIJING CAPITAL INTERNATIONAL AIRPORT, CH","  69.9","24","  34.6","24","9999.9"," 0","999.9"," 0","  6.7","24","  7.9","24"," 15.5"," 25.3","  82.4","*","  55.2"," "," 0.00","G","999.9","000000"
"54511099999","2020-05-19","40.080111","116.584556","35.35","BEIJING CAPITAL INTERNATIONAL AIRPORT, CH","  74.6","24","  43.9","24","9999.9"," 0","999.9"," 0","  6.7","24","  5.5","24"," 11.7"," 19.4","  87.8","*","  55.0"," "," 0.00","G","999.9","000000"
"54511099999","2020-05-20","40.080111","116.584556","35.35","BEIJING CAPITAL INTERNATIONAL AIRPORT, CH","  75.6","24","  49.8","24","9999.9"," 0","999.9"," 0","  6.3","24","  5.4","24"," 11.7","999.9","  87.8","*","  60.8","*"," 0.19","G","999.9","010110"
"54511099999","2020-05-21","40.080111","116.584556","35.35","BEIJING CAPITAL INTERNATIONAL AIRPORT, CH","  64.9","24","  57.5","24","9999.9"," 0","999.9"," 0","  3.1","24","  4.4","24","  9.7","999.9","  85.5"," ","  58.6"," "," 0.70","G","999.9","010010"
"54511099999","2020-05-22","40.080111","116.584556","35.35","BEIJING CAPITAL INTERNATIONAL AIRPORT, CH","  72.4","24","  53.8","24","9999.9"," 0","999.9"," 0","  5.8","24","  5.1","24"," 13.6"," 21.4","  84.9"," ","  58.6"," "," 0.04","G","999.9","010000"
"54511099999","2020-05-23","40.080111","116.584556","35.35","BEIJING CAPITAL INTERNATIONAL AIRPORT, CH","  68.5","24","  50.7","24","9999.9"," 0","999.9"," 0","  6.7","24","  6.2","24"," 15.5"," 27.2","  84.9"," ","  55.4","*"," 0.02","G","999.9","010010"
"54511099999","2020-05-24","40.080111","116.584556","35.35","BEIJING CAPITAL INTERNATIONAL AIRPORT, CH","  74.8","24","  46.1","24","9999.9"," 0","999.9"," 0","  6.7","24","  5.2","24","  9.7"," 17.5","  86.0","*","  57.9"," "," 0.00","G","999.9","000000"
"54511099999","2020-05-25","40.080111","116.584556","35.35","BEIJING CAPITAL INTERNATIONAL AIRPORT, CH","  65.2","24","  53.5","24","9999.9"," 0","999.9"," 0","  6.7","24","  3.9","24"," 11.7"," 13.6","  84.6"," ","  55.4","*"," 0.04","G","999.9","010000"
"54511099999","2020-05-26","40.080111","116.584556","35.35","BEIJING CAPITAL INTERNATIONAL AIRPORT, CH","  76.7","24","  40.7","24","9999.9"," 0","999.9"," 0","  6.7","24","  7.4","24"," 15.5","999.9","  84.2","*","  57.6"," "," 0.01","G","999.9","010000"
"54511099999","2020-05-27","40.080111","116.584556","35.35","BEIJING CAPITAL INTERNATIONAL AIRPORT, CH","  72.5","24","  46.9","24","9999.9"," 0","999.9"," 0","  6.7","24","  5.4","24"," 11.7"," 17.5","  86.2"," ","  57.2","*"," 0.00","G","999.9","000000"
"54511099999","2020-05-28","40.080111","116.584556","35.35","BEIJING CAPITAL INTERNATIONAL AIRPORT, CH","  76.8","24","  53.4","24","9999.9"," 0","999.9"," 0","  6.1","24","  4.7","24"," 11.7","999.9","  93.2","*","  59.7"," "," 0.00","G","999.9","010010"
"54511099999","2020-05-29","40.080111","116.584556","35.35","BEIJING CAPITAL INTERNATIONAL AIRPORT, CH","  74.6","24","  59.4","24","9999.9"," 0","999.9"," 0","  6.1","24","  4.6","24","  7.8","999.9","  91.2"," ","  64.4","*"," 0.00","G","999.9","000000"
"54511099999","2020-05-30","40.080111","116.584556","35.35","BEIJING CAPITAL INTERNATIONAL AIRPORT, CH","  72.8","24","  59.9","24","9999.9"," 0","999.9"," 0","  5.4","24","  6.8","24"," 15.5"," 27.2","  89.6"," ","  60.8","*"," 0.08","G","999.9","010010"
"54511099999","2020-05-31","40.080111","116.584556","35.35","BEIJING CAPITAL INTERNATIONAL AIRPORT, CH","  66.4","24","  45.5","24","9999.9"," 0","999.9"," 0","  6.2","24","  7.5","24"," 21.4"," 31.1","  89.6"," ","  51.8","*"," 0.44","G","999.9","010010"
"54511099999","2020-06-01","40.080111","116.584556","35.35","BEIJING CAPITAL INTERNATIONAL AIRPORT, CH","  71.6","24","  53.8","24","9999.9"," 0","999.9"," 0","  6.5","24","  6.7","24"," 21.4"," 35.0","  89.6","*","  56.8"," "," 0.08","G","999.9","010010"
"54511099999","2020-06-02","40.080111","116.584556","35.35","BEIJING CAPITAL INTERNATIONAL AIRPORT, CH","  76.9","24","  54.8","24","9999.9"," 0","999.9"," 0","  6.5","24","  5.7","24"," 13.6","999.9","  91.9"," ","  60.4"," "," 0.00","G","999.9","000000"
"54511099999","2020-06-03","40.080111","116.584556","35.35","BEIJING CAPITAL INTERNATIONAL AIRPORT, CH","  81.4","24","  41.8","24","9999.9"," 0","999.9"," 0","  6.0","24","  9.8","24"," 23.3"," 33.0","  98.6","*","  60.8","*"," 0.00","G","999.9","000000"
"54511099999","2020-06-04","40.080111","116.584556","35.35","BEIJING CAPITAL INTERNATIONAL AIRPORT, CH","  76.9","23","  48.9","23","9999.9"," 0","999.9"," 0","  6.7","23","  5.9","23"," 11.7","999.9","  97.3"," ","  60.8","*"," 0.00","G","999.9","000000"
"54511099999","2020-06-05","40.080111","116.584556","35.35","BEIJING CAPITAL INTERNATIONAL AIRPORT, CH","  74.4","24","  52.5","24","9999.9"," 0","999.9"," 0","  6.7","24","  5.1","24","  9.7"," 17.5","  90.1"," ","  59.0","*"," 0.00","G","999.9","000000"
"54511099999","2020-06-06","40.080111","116.584556","35.35","BEIJING CAPITAL INTERNATIONAL AIRPORT, CH","  76.4","24","  53.0","24","9999.9"," 0","999.9"," 0","  6.4","24","  4.5","24","  9.7","999.9","  88.7"," ","  62.6","*"," 0.00","G","999.9","000000"
"54511099999","2020-06-07","40.080111","116.584556","35.35","BEIJING CAPITAL INTERNATIONAL AIRPORT, CH","  82.6","24","  63.2","24","9999.9"," 0","999.9"," 0","  5.5","24","  4.5","24","  9.7","999.9","  96.8","*","  68.0"," "," 0.00","G","999.9","000000"
"54511099999","2020-06-08","40.080111","116.584556","35.35","BEIJING CAPITAL INTERNATIONAL AIRPORT, CH","  87.6","24","  55.2","24","9999.9"," 0","999.9"," 0","  6.3","24","  7.0","24"," 17.5"," 27.2"," 100.4","*","  73.4","*"," 0.00","G","999.9","000000"
"54511099999","2020-06-09","40.080111","116.584556","35.35","BEIJING CAPITAL INTERNATIONAL AIRPORT, CH","  76.5","24","  64.1","24","9999.9"," 0","999.9"," 0","  5.2","24","  4.9","24","  9.7","999.9","  99.1"," ","  68.0","*"," 0.00","G","999.9","010000"
"54511099999","2020-06-10","40.080111","116.584556","35.35","BEIJING CAPITAL INTERNATIONAL AIRPORT, CH","  79.5","24","  61.8","24","9999.9"," 0","999.9"," 0","  5.9","24","  5.0","24","  9.7","999.9","  93.2","*","  66.2","*"," 0.27","G","999.9","000000"
"54511099999","2020-06-11","40.080111","116.584556","35.35","BEIJING CAPITAL INTERNATIONAL AIRPORT, CH","  77.3","24","  62.0","24","9999.9"," 0","999.9"," 0","  5.4","24","  5.2","24"," 13.6","999.9","  92.5"," ","  68.0","*"," 0.00","G","999.9","000000"
"54511099999","2020-06-12","40.080111","116.584556","35.35","BEIJING CAPITAL INTERNATIONAL AIRPORT, CH","  82.4","24","  61.3","24","9999.9"," 0","999.9"," 0","  6.1","24","  4.5","24","  9.7","999.9","  95.0","*","  69.4"," "," 0.00","G","999.9","000000"
"54511099999","2020-06-13","40.080111","116.584556","35.35","BEIJING CAPITAL INTERNATIONAL AIRPORT, CH","  82.2","24","  53.1","24","9999.9"," 0","999.9"," 0","  5.7","24","  7.0","24"," 15.5"," 17.5","  93.2"," ","  66.2","*"," 0.00","G","999.9","000000"
"54511099999","2020-06-14","40.080111","116.584556","35.35","BEIJING CAPITAL INTERNATIONAL AIRPORT, CH","  83.9","24","  46.9","24","9999.9"," 0","999.9"," 0","  6.7","24","  7.3","24"," 11.7"," 19.4","  96.8","*","  62.6","*"," 0.00","G","999.9","000000"
"54511099999","2020-06-15","40.080111","116.584556","35.35","BEIJING CAPITAL INTERNATIONAL AIRPORT, CH","  86.1","24","  48.1","24","9999.9"," 0","999.9"," 0","  6.7","24","  4.8","24","  7.8","999.9"," 100.4","*","  68.5"," "," 0.00","G","999.9","000000"
"54511099999","2020-06-16","40.080111","116.584556","35.35","BEIJING CAPITAL INTERNATIONAL AIRPORT, CH","  84.6","24","  52.6","24","9999.9"," 0","999.9"," 0","  6.2","24","  7.0","24"," 15.5","999.9","  98.8"," ","  71.6","*"," 0.00","G","999.9","000000"
"54511099999","2020-06-17","40.080111","116.584556","35.35","BEIJING CAPITAL INTERNATIONAL AIRPORT, CH","  80.1","24","  56.3","24","9999.9"," 0","999.9"," 0","  6.7","24","  6.2","24"," 11.7"," 13.6","  97.3"," ","  69.8","*"," 0.00","G","999.9","000000"
"54511099999","2020-06-18","40.080111","116.584556","35.35","BEIJING CAPITAL INTERNATIONAL AIRPORT, CH","  76.3","24","  60.1","24","9999.9"," 0","999.9"," 0","  6.4","24","  5.3","24"," 13.6"," 15.5","  90.1"," ","  66.2","*"," 0.29","G","999.9","010000"
"54511099999","2020-06-19","40.080111","116.584556","35.35","BEIJING CAPITAL INTERNATIONAL AIRPORT, CH","  82.9","24","  57.2","24","9999.9"," 0","999.9"," 0","  6.1","24","  7.0","24"," 13.6"," 23.3","  93.2","*","  66.4"," "," 0.00","G","999.9","000000"
"54511099999","2020-06-20","40.080111","116.584556","35.35","BEIJING CAPITAL INTERNATIONAL AIRPORT, CH","  84.4","24","  64.5","24","9999.9"," 0","999.9"," 0","  6.2","24","  5.9","24","  9.7","999.9","  91.6"," ","  72.3"," "," 0.00","G","999.9","000000"
"54511099999","2020-06-21","40.080111","116.584556","35.35","BEIJING CAPITAL INTERNATIONAL AIRPORT, CH","  86.1","24","  62.9","24","9999.9"," 0","999.9"," 0","  6.4","24","  6.4","24"," 11.7"," 21.4","  96.8","*","  73.4","*"," 0.00","G","999.9","000000"
"54511099999","2020-06-22","40.080111","116.584556","35.35","BEIJING CAPITAL INTERNATIONAL AIRPORT, CH","  83.1","24","  63.5","24","9999.9"," 0","999.9"," 0","  6.1","24","  6.8","24"," 13.6","999.9","  94.8"," ","  71.6","*"," 0.00","G","999.9","010000"
"54511099999","2020-06-23","40.080111","116.584556","35.35","BEIJING CAPITAL INTERNATIONAL AIRPORT, CH","  77.6","24","  64.3","24","9999.9"," 0","999.9"," 0","  5.6","24","  5.6","24"," 11.7"," 21.4","  92.3"," ","  68.0","*"," 0.00","G","999.9","010000"
"54511099999","2020-06-24","40.080111","116.584556","35.35","BEIJING CAPITAL INTERNATIONAL AIRPORT, CH","  75.7","24","  64.7","24","9999.9"," 0","999.9"," 0","  6.3","24","  4.6","24"," 17.5","999.9","  89.2"," ","  68.0","*"," 0.18","G","999.9","010010"
"54511099999","2020-06-25","40.080111","116.584556","35.35","BEIJING CAPITAL INTERNATIONAL AIRPORT, CH","  72.0","24","  64.8","24","9999.9"," 0","999.9"," 0","  6.0","24","  4.9","24","  9.7","999.9","  85.8"," ","  64.4","*"," 0.51","G","999.9","010110"
"54511099999","2020-06-26","40.080111","116.584556","35.35","BEIJING CAPITAL INTERNATIONAL AIRPORT, CH","  75.4","24","  65.8","24","9999.9"," 0","999.9"," 0","  5.2","24","  2.8","24","  5.8","999.9","  84.7"," ","  65.7"," "," 0.00","G","999.9","000000"
"54511099999","2020-06-27","40.080111","116.584556","35.35","BEIJING CAPITAL INTERNATIONAL AIRPORT, CH","  82.1","24","  66.2","24","9999.9"," 0","999.9"," 0","  5.4","24","  4.2","24","  7.8","999.9","  93.2","*","  70.0"," "," 0.00","G","999.9","000000"
"54511099999","2020-06-28","40.080111","116.584556","35.35","BEIJING CAPITAL INTERNATIONAL AIRPORT, CH","  81.7","24","  63.1","24","9999.9"," 0","999.9"," 0","  6.0","24","  4.0","24","  7.8","999.9","  90.1"," ","  71.6","*"," 0.00","G","999.9","010000"
"54511099999","2020-06-29","40.080111","116.584556","35.35","BEIJING CAPITAL INTERNATIONAL AIRPORT, CH","  76.0","24","  63.5","24","9999.9"," 0","999.9"," 0","  6.1","24","  3.0","24","  7.8","  9.7","  87.1"," ","  68.0","*"," 0.00","G","999.9","010000"
"54511099999","2020-06-30","40.080111","116.584556","35.35","BEIJING CAPITAL INTERNATIONAL AIRPORT, CH","  83.0","24","  57.6","24","9999.9"," 0","999.9"," 0","  6.2","24","  4.4","24"," 11.7","999.9","  95.0","*","  68.0","*"," 0.00","G","999.9","000000"
"54511099999","2020-07-01","40.080111","116.584556","35.35","BEIJING CAPITAL INTERNATIONAL AIRPORT, CH","  81.9","24","  64.7","24","9999.9"," 0","999.9"," 0","  6.3","24","  6.3","24"," 13.6","999.9","  95.0","*","  69.8","*"," 0.00","G","999.9","010010"
"54511099999","2020-07-02","40.080111","116.584556","35.35","BEIJING CAPITAL INTERNATIONAL AIRPORT, CH","  77.5","24","  66.6","24","9999.9"," 0","999.9"," 0","  5.8","24","  4.0","24","  9.7","999.9","  93.9"," ","  69.8","*"," 0.04","G","999.9","010000"
"54511099999","2020-07-03","40.080111","116.584556","35.35","BEIJING CAPITAL INTERNATIONAL AIRPORT, CH","  74.4","24","  66.1","24","9999.9"," 0","999.9"," 0","  4.8","24","  3.6","24","  5.8","999.9","  84.4"," ","  66.2","*"," 0.00","G","999.9","010000"
"54511099999","2020-07-04","40.080111","116.584556","35.35","BEIJING CAPITAL INTERNATIONAL AIRPORT, CH","  79.2","24","  65.9","24","9999.9"," 0","999.9"," 0","  6.0","24","  4.9","24","  9.7","999.9","  87.8","*","  69.3"," "," 0.00","G","999.9","010000"
"54511099999","2020-07-05","40.080111","116.584556","35.35","BEIJING CAPITAL INTERNATIONAL AIRPORT, CH","  76.9","24","  66.3","24","9999.9"," 0","999.9"," 0","  6.3","24","  2.9","24","  9.7"," 29.1","  93.2","*","  66.2","*"," 0.00","G","999.9","010110"
"54511099999","2020-07-06","40.080111","116.584556","35.35","BEIJING CAPITAL INTERNATIONAL AIRPORT, CH","  78.6","24","  65.7","24","9999.9"," 0","999.9"," 0","  6.3","24","  4.5","24","  7.8","999.9","  92.1"," ","  67.3"," "," 2.03","G","999.9","010010"
"54511099999","2020-07-07","40.080111","116.584556","35.35","BEIJING CAPITAL INTERNATIONAL AIRPORT, CH","  81.4","24","  57.3","24","9999.9"," 0","999.9"," 0","  6.7","24","  4.5","24","  9.7","999.9","  95.0","*","  68.0"," "," 0.00","G","999.9","000000"
"54511099999","2020-07-08","40.080111","116.584556","35.35","BEIJING CAPITAL INTERNATIONAL AIRPORT, CH","  81.6","24","  64.3","24","9999.9"," 0","999.9"," 0","  5.9","24","  5.0","24"," 11.7"," 19.4","  93.4"," ","  69.8","*"," 0.00","G","999.9","010010"
"54511099999","2020-07-09","40.080111","116.584556","35.35","BEIJING CAPITAL INTERNATIONAL AIRPORT, CH","  69.3","24","  66.0","24","9999.9"," 0","999.9"," 0","  5.0","24","  4.0","24"," 11.7","999.9","  90.1"," ","  66.2","*"," 0.28","G","999.9","010000"
"54511099999","2020-07-10","40.080111","116.584556","35.35","BEIJING CAPITAL INTERNATIONAL AIRPORT, CH","  73.1","24","  66.7","24","9999.9"," 0","999.9"," 0","  3.7","24","  3.7","24"," 11.7","999.9","  77.7"," ","  66.6"," "," 0.03","G","999.9","010010"
"54511099999","2020-07-11","40.080111","116.584556","35.35","BEIJING CAPITAL INTERNATIONAL AIRPORT, CH","  74.8","24","  70.9","24","9999.9"," 0","999.9"," 0","  2.4","24","  2.1","24","  3.9","999.9","  80.4"," ","  71.2"," "," 0.85","G","999.9","010010"
"54511099999","2020-07-12","40.080111","116.584556","35.35","BEIJING CAPITAL INTERNATIONAL AIRPORT, CH","  76.3","24","  70.6","24","9999.9"," 0","999.9"," 0","  2.3","24","  2.6","24","  3.9","999.9","  82.6"," ","  71.6"," "," 0.01","G","999.9","010000"
"54511099999","2020-07-13","40.080111","116.584556","35.35","BEIJING CAPITAL INTERNATIONAL AIRPORT, CH","  76.2","24","  67.3","24","9999.9"," 0","999.9"," 0","  5.2","24","  3.5","24"," 11.7","999.9","  87.8","*","  68.0","*"," 0.00","G","999.9","010000"
"54511099999","2020-07-14","40.080111","116.584556","35.35","BEIJING CAPITAL INTERNATIONAL AIRPORT, CH","  81.6","24","  66.7","24","9999.9"," 0","999.9"," 0","  6.3","24","  4.0","24","  9.7","999.9","  93.2","*","  69.8","*"," 0.00","G","999.9","000000"
"54511099999","2020-07-15","40.080111","116.584556","35.35","BEIJING CAPITAL INTERNATIONAL AIRPORT, CH","  84.2","24","  66.7","24","9999.9"," 0","999.9"," 0","  6.0","24","  4.2","24","  9.7","999.9","  95.0","*","  71.6","*"," 0.00","G","999.9","000000"
"54511099999","2020-07-16","40.080111","116.584556","35.35","BEIJING CAPITAL INTERNATIONAL AIRPORT, CH","  85.5","24","  69.2","24","9999.9"," 0","999.9"," 0","  5.9","24","  6.1","24"," 11.7"," 15.5","  95.0","*","  73.9"," "," 0.00","G","999.9","000000"
"54511099999","2020-07-17","40.080111","116.584556","35.35","BEIJING CAPITAL INTERNATIONAL AIRPORT, CH","  77.4","24","  68.8","24","9999.9"," 0","999.9"," 0","  4.9","24","  5.6","24"," 11.7"," 23.3","  91.4"," ","  68.0","*"," 0.86","G","999.9","010000"
"54511099999","2020-07-18","40.080111","116.584556","35.35","BEIJING CAPITAL INTERNATIONAL AIRPORT, CH","  74.3","24","  70.0","24","9999.9"," 0","999.9"," 0","  4.1","24","  2.9","24","  7.8","999.9","  85.3"," ","  68.0","*"," 0.00","G","999.9","010000"
"54511099999","2020-07-19","40.080111","116.584556","35.35","BEIJING CAPITAL INTERNATIONAL AIRPORT, CH","  78.2","24","  64.2","24","9999.9"," 0","999.9"," 0","  5.7","24","  3.6","24","  7.8","999.9","  93.2","*","  66.2","*"," 0.00","G","999.9","000000"
"54511099999","2020-07-20","40.080111","116.584556","35.35","BEIJING CAPITAL INTERNATIONAL AIRPORT, CH","  83.5","24","  68.5","24","9999.9"," 0","999.9"," 0","  5.6","24","  3.9","24","  9.7","999.9","  95.0","*","  71.2"," "," 0.00","G","999.9","000000"
"54511099999","2020-07-21","40.080111","116.584556","35.35","BEIJING CAPITAL INTERNATIONAL AIRPORT, CH","  83.0","24","  66.2","24","9999.9"," 0","999.9"," 0","  6.2","24","  5.3","24","  9.7","999.9","  94.6"," ","  69.8","*"," 0.00","G","999.9","000000"
"54511099999","2020-07-22","40.080111","116.584556","35.35","BEIJING CAPITAL INTERNATIONAL AIRPORT, CH","  80.0","24","  64.6","24","9999.9"," 0","999.9"," 0","  6.0","24","  4.3","24","  9.7","999.9","  93.4"," ","  68.0","*"," 0.00","G","999.9","000000"
"54511099999","2020-07-23","40.080111","116.584556","35.35","BEIJING CAPITAL INTERNATIONAL AIRPORT, CH","  82.3","24","  66.0","24","9999.9"," 0","999.9"," 0","  6.1","24","  3.6","24","  9.7","999.9","  91.8"," ","  69.8","*"," 0.00","G","999.9","000000"
"54511099999","2020-07-24","40.080111","116.584556","35.35","BEIJING CAPITAL INTERNATIONAL AIRPORT, CH","  87.7","24","  62.6","24","9999.9"," 0","999.9"," 0","  6.4","24","  4.2","24","  9.7"," 13.6"," 100.4","*","  71.6","*"," 0.00","G","999.9","000000"
"54511099999","2020-07-25","40.080111","116.584556","35.35","BEIJING CAPITAL INTERNATIONAL AIRPORT, CH","  85.6","24","  63.9","24","9999.9"," 0","999.9"," 0","  6.3","24","  5.1","24"," 17.5"," 25.3","  99.1"," ","  73.6"," "," 0.00","G","999.9","010000"
"54511099999","2020-07-26","40.080111","116.584556","35.35","BEIJING CAPITAL INTERNATIONAL AIRPORT, CH","  71.6","24","  66.7","24","9999.9"," 0","999.9"," 0","  4.9","24","  2.9","24","  9.7","999.9","  92.1"," ","  69.8","*"," 0.05","G","999.9","010000"
"54511099999","2020-07-27","40.080111","116.584556","35.35","BEIJING CAPITAL INTERNATIONAL AIRPORT, CH","  72.7","24","  70.0","24","9999.9"," 0","999.9"," 0","  2.7","24","  2.9","24","  5.8","999.9","  76.3"," ","  70.3"," "," 0.14","G","999.9","010000"
"54511099999","2020-07-28","40.080111","116.584556","35.35","BEIJING CAPITAL INTERNATIONAL AIRPORT, CH","  74.4","24","  71.0","24","9999.9"," 0","999.9"," 0","  3.3","24","  3.1","24"," 11.7","999.9","  86.0","*","  69.8","*"," 0.00","G","999.9","010010"
"54511099999","2020-07-29","40.080111","116.584556","35.35","BEIJING CAPITAL INTERNATIONAL AIRPORT, CH","  79.8","24","  73.6","24","9999.9"," 0","999.9"," 0","  3.3","24","  2.8","24","  3.9","999.9","  89.2"," ","  70.5"," "," 0.00","G","999.9","000000"
"54511099999","2020-07-30","40.080111","116.584556","35.35","BEIJING CAPITAL INTERNATIONAL AIRPORT, CH","  84.7","24","  74.1","24","9999.9"," 0","999.9"," 0","  4.7","24","  4.4","24","  7.8"," 12.2","  93.9"," ","  74.1"," "," 0.00","G","999.9","000000"
"54511099999","2020-07-31","40.080111","116.584556","35.35","BEIJING CAPITAL INTERNATIONAL AIRPORT, CH","  78.3","24","  73.1","24","9999.9"," 0","999.9"," 0","  4.5","24","  3.0","24"," 13.6"," 21.4","  93.9"," ","  71.6","*"," 0.01","G","999.9","010010"
"54511099999","2020-08-01","40.080111","116.584556","35.35","BEIJING CAPITAL INTERNATIONAL AIRPORT, CH","  78.3","24","  69.6","24","9999.9"," 0","999.9"," 0","  5.3","24","  4.2","24"," 21.4"," 35.0","  93.9"," ","  69.8","*"," 0.14","G","999.9","010000"
"54511099999","2020-08-02","40.080111","116.584556","35.35","BEIJING CAPITAL INTERNATIONAL AIRPORT, CH","  81.4","24","  70.1","24","9999.9"," 0","999.9"," 0","  6.4","24","  4.5","24"," 17.5"," 33.0","  93.2"," ","  69.8","*"," 0.00","G","999.9","010010"
"54511099999","2020-08-03","40.080111","116.584556","35.35","BEIJING CAPITAL INTERNATIONAL AIRPORT, CH","  84.5","24","  66.2","24","9999.9"," 0","999.9"," 0","  6.4","24","  4.8","24"," 11.7"," 19.4","  99.5"," ","  71.6","*"," 0.00","G","999.9","000000"
"54511099999","2020-08-04","40.080111","116.584556","35.35","BEIJING CAPITAL INTERNATIONAL AIRPORT, CH","  85.6","24","  70.2","24","9999.9"," 0","999.9"," 0","  6.3","24","  3.3","24","  5.8","999.9"," 100.0"," ","  77.0","*"," 0.00","G","999.9","000000"
"54511099999","2020-08-05","40.080111","116.584556","35.35","BEIJING CAPITAL INTERNATIONAL AIRPORT, CH","  77.8","24","  72.2","24","9999.9"," 0","999.9"," 0","  5.6","24","  3.6","24"," 11.7","999.9"," 100.0"," ","  71.6","*"," 0.54","G","999.9","010010"
"54511099999","2020-08-06","40.080111","116.584556","35.35","BEIJING CAPITAL INTERNATIONAL AIRPORT, CH","  82.2","24","  73.7","24","9999.9"," 0","999.9"," 0","  6.0","24","  2.9","24","  5.8","999.9","  89.6","*","  73.9"," "," 0.00","G","999.9","010000"
"54511099999","2020-08-07","40.080111","116.584556","35.35","BEIJING CAPITAL INTERNATIONAL AIRPORT, CH","  81.3","24","  70.1","24","9999.9"," 0","999.9"," 0","  6.0","24","  3.1","24","  5.8","999.9","  91.8"," ","  71.6","*"," 0.00","G","999.9","010000"
"54511099999","2020-08-08","40.080111","116.584556","35.35","BEIJING CAPITAL INTERNATIONAL AIRPORT, CH","  80.8","24","  69.4","24","9999.9"," 0","999.9"," 0","  6.2","24","  4.3","24","  7.8","999.9","  91.8"," ","  72.7"," "," 0.00","G","999.9","010010"
"54511099999","2020-08-09","40.080111","116.584556","35.35","BEIJING CAPITAL INTERNATIONAL AIRPORT, CH","  81.3","24","  67.5","24","9999.9"," 0","999.9"," 0","  6.2","24","  4.7","24"," 11.7"," 21.4","  95.0","*","  66.2","*"," 0.84","G","999.9","010010"
"54511099999","2020-08-10","40.080111","116.584556","35.35","BEIJING CAPITAL INTERNATIONAL AIRPORT, CH","  81.0","24","  69.2","24","9999.9"," 0","999.9"," 0","  6.3","24","  4.2","24","  7.8","999.9","  92.5"," ","  69.6"," "," 0.00","G","999.9","000000"
"54511099999","2020-08-11","40.080111","116.584556","35.35","BEIJING CAPITAL INTERNATIONAL AIRPORT, CH","  86.1","24","  72.6","24","9999.9"," 0","999.9"," 0","  5.9","24","  4.1","24","  7.8","999.9","  96.8","*","  75.2"," "," 0.00","G","999.9","000000"
"54511099999","2020-08-12","40.080111","116.584556","35.35","BEIJING CAPITAL INTERNATIONAL AIRPORT, CH","  77.2","23","  72.8","23","9999.9"," 0","999.9"," 0","  5.1","23","  4.8","23"," 11.7"," 33.0","  94.1"," ","  70.3"," "," 2.28","G","999.9","010010"
"54511099999","2020-08-13","40.080111","116.584556","35.35","BEIJING CAPITAL INTERNATIONAL AIRPORT, CH","  81.3","24","  74.2","24","9999.9"," 0","999.9"," 0","  5.9","24","  4.5","24"," 11.7","999.9","  91.4","*","  70.3"," "," 0.01","G","999.9","010000"
"54511099999","2020-08-14","40.080111","116.584556","35.35","BEIJING CAPITAL INTERNATIONAL AIRPORT, CH","  86.0","24","  75.1","24","9999.9"," 0","999.9"," 0","  6.0","24","  3.9","24","  7.8","999.9","  95.0","*","  75.2"," "," 0.00","G","999.9","000000"
"54511099999","2020-08-15","40.080111","116.584556","35.35","BEIJING CAPITAL INTERNATIONAL AIRPORT, CH","  77.8","24","  73.2","24","9999.9"," 0","999.9"," 0","  5.7","24","  3.6","24"," 13.6"," 23.3","  94.1"," ","  73.4","*"," 0.13","G","999.9","010000"
"54511099999","2020-08-16","40.080111","116.584556","35.35","BEIJING CAPITAL INTERNATIONAL AIRPORT, CH","  77.7","24","  72.3","24","9999.9"," 0","999.9"," 0","  4.2","24","  4.2","24","  7.8"," 15.5","  88.3"," ","  73.9"," "," 0.02","G","999.9","010000"
"54511099999","2020-08-17","40.080111","116.584556","35.35","BEIJING CAPITAL INTERNATIONAL AIRPORT, CH","  77.1","24","  74.3","24","9999.9"," 0","999.9"," 0","  3.0","24","  2.8","24","  5.8","999.9","  81.1"," ","  74.7"," "," 0.00","G","999.9","010000"
"54511099999","2020-08-18","40.080111","116.584556","35.35","BEIJING CAPITAL INTERNATIONAL AIRPORT, CH","  72.8","24","  68.1","24","9999.9"," 0","999.9"," 0","  5.6","24","  6.6","24"," 15.5","999.9","  81.1"," ","  69.8","*"," 0.18","G","999.9","010010"
"54511099999","2020-08-19","40.080111","116.584556","35.35","BEIJING CAPITAL INTERNATIONAL AIRPORT, CH","  73.5","24","  67.0","24","9999.9"," 0","999.9"," 0","  6.4","24","  3.2","24","  3.9","999.9","  79.7"," ","  68.0","*"," 0.00","G","999.9","010000"
"54511099999","2020-08-20","40.080111","116.584556","35.35","BEIJING CAPITAL INTERNATIONAL AIRPORT, CH","  72.6","24","  64.7","24","9999.9"," 0","999.9"," 0","  6.1","24","  3.5","24","  7.8","999.9","  82.4","*","  63.9"," "," 0.00","G","999.9","010000"
"54511099999","2020-08-21","40.080111","116.584556","35.35","BEIJING CAPITAL INTERNATIONAL AIRPORT, CH","  73.9","24","  63.1","24","9999.9"," 0","999.9"," 0","  6.1","24","  3.9","24","  7.8","999.9","  84.2","*","  63.5"," "," 0.00","G","999.9","000000"
"54511099999","2020-08-22","40.080111","116.584556","35.35","BEIJING CAPITAL INTERNATIONAL AIRPORT, CH","  74.6","24","  63.6","24","9999.9"," 0","999.9"," 0","  6.0","24","  4.5","24","  9.7","999.9","  83.5"," ","  64.9"," "," 0.00","G","999.9","000000"
"54511099999","2020-08-23","40.080111","116.584556","35.35","BEIJING CAPITAL INTERNATIONAL AIRPORT, CH","  74.8","24","  68.1","24","9999.9"," 0","999.9"," 0","  5.1","24","  6.0","24"," 11.7","999.9","  84.2","*","  67.3"," "," 2.24","G","999.9","010000"
"54511099999","2020-08-24","40.080111","116.584556","35.35","BEIJING CAPITAL INTERNATIONAL AIRPORT, CH","  78.0","24","  66.7","24","9999.9"," 0","999.9"," 0","  6.7","24","  4.5","24","  9.7"," 17.5","  93.2","*","  67.1"," "," 0.22","G","999.9","010000"
"54511099999","2020-08-25","40.080111","116.584556","35.35","BEIJING CAPITAL INTERNATIONAL AIRPORT, CH","  81.6","24","  70.0","24","9999.9"," 0","999.9"," 0","  6.6","24","  3.6","24","  5.8","999.9","  95.0","*","  69.8","*"," 0.00","G","999.9","000000"
"54511099999","2020-08-26","40.080111","116.584556","35.35","BEIJING CAPITAL INTERNATIONAL AIRPORT, CH","  78.0","24","  72.1","24","9999.9"," 0","999.9"," 0","  4.5","24","  3.1","24","  7.8","999.9","  93.4"," ","  71.6","*"," 0.00","G","999.9","000000"
"54511099999","2020-08-27","40.080111","116.584556","35.35","BEIJING CAPITAL INTERNATIONAL AIRPORT, CH","  77.8","24","  67.7","24","9999.9"," 0","999.9"," 0","  5.9","24","  4.0","24","  7.8","999.9","  90.0"," ","  66.2","*"," 0.00","G","999.9","000000"
"54511099999","2020-08-28","40.080111","116.584556","35.35","BEIJING CAPITAL INTERNATIONAL AIRPORT, CH","  79.2","24","  67.6","24","9999.9"," 0","999.9"," 0","  6.7","24","  4.2","24","  7.8"," 15.5","  90.0"," ","  68.9"," "," 0.00","G","999.9","000000"
"54511099999","2020-08-29","40.080111","116.584556","35.35","BEIJING CAPITAL INTERNATIONAL AIRPORT, CH","  79.5","24","  72.7","24","9999.9"," 0","999.9"," 0","  5.0","24","  3.6","24","  7.8","999.9","  87.4"," ","  73.6"," "," 0.00","G","999.9","000000"
"54511099999","2020-08-30","40.080111","116.584556","35.35","BEIJING CAPITAL INTERNATIONAL AIRPORT, CH","  78.1","24","  71.6","24","9999.9"," 0","999.9"," 0","  4.4","24","  4.2","24"," 13.6","999.9","  86.9"," ","  69.8","*"," 0.00","G","999.9","010000"
"54511099999","2020-08-31","40.080111","116.584556","35.35","BEIJING CAPITAL INTERNATIONAL AIRPORT, CH","  70.5","24","  64.8","24","9999.9"," 0","999.9"," 0","  6.7","24","  5.3","24"," 13.6"," 19.4","  86.9"," ","  64.4","*"," 0.00","G","999.9","010000"
"54511099999","2020-09-01","40.080111","116.584556","35.35","BEIJING CAPITAL INTERNATIONAL AIRPORT, CH","  76.0","24","  59.0","24","9999.9"," 0","999.9"," 0","  6.4","24","  6.5","24"," 23.3"," 35.0","  93.2","*","  64.4","*"," 0.09","G","999.9","010010"
"54511099999","2020-09-02","40.080111","116.584556","35.35","BEIJING CAPITAL INTERNATIONAL AIRPORT, CH","  72.7","24","  51.3","24","9999.9"," 0","999.9"," 0","  6.5","24","  6.8","24"," 17.5"," 21.4","  92.3"," ","  59.0","*"," 0.00","G","999.9","010010"
"54511099999","2020-09-03","40.080111","116.584556","35.35","BEIJING CAPITAL INTERNATIONAL AIRPORT, CH","  69.1","24","  54.2","24","9999.9"," 0","999.9"," 0","  6.7","24","  6.1","24"," 17.5"," 21.4","  86.0","*","  57.2","*"," 0.00","G","999.9","010000"
"54511099999","2020-09-04","40.080111","116.584556","35.35","BEIJING CAPITAL INTERNATIONAL AIRPORT, CH","  73.2","24","  55.4","24","9999.9"," 0","999.9"," 0","  6.5","24","  4.4","24"," 11.7"," 19.4","  86.2"," ","  60.1"," "," 0.00","G","999.9","010000"
"54511099999","2020-09-05","40.080111","116.584556","35.35","BEIJING CAPITAL INTERNATIONAL AIRPORT, CH","  74.8","24","  61.7","24","9999.9"," 0","999.9"," 0","  5.7","24","  3.2","24","  5.8","999.9","  87.8"," ","  65.5"," "," 0.00","G","999.9","000000"
"54511099999","2020-09-06","40.080111","116.584556","35.35","BEIJING CAPITAL INTERNATIONAL AIRPORT, CH","  76.1","24","  65.6","24","9999.9"," 0","999.9"," 0","  5.4","24","  3.6","24","  7.8","999.9","  87.8"," ","  66.2","*"," 0.00","G","999.9","000000"
"54511099999","2020-09-07","40.080111","116.584556","35.35","BEIJING CAPITAL INTERNATIONAL AIRPORT, CH","  76.4","24","  60.4","24","9999.9"," 0","999.9"," 0","  6.6","24","  5.7","24"," 13.6"," 15.5","  89.6","*","  64.4","*"," 0.00","G","999.9","000010"
"54511099999","2020-09-08","40.080111","116.584556","35.35","BEIJING CAPITAL INTERNATIONAL AIRPORT, CH","  76.4","24","  53.9","24","9999.9"," 0","999.9"," 0","  6.7","24","  6.7","24"," 13.6","999.9","  88.5"," ","  60.8","*"," 0.00","G","999.9","000000"
"54511099999","2020-09-09","40.080111","116.584556","35.35","BEIJING CAPITAL INTERNATIONAL AIRPORT, CH","  75.9","24","  54.0","24","9999.9"," 0","999.9"," 0","  6.7","24","  4.9","24","  7.8","999.9","  88.3"," ","  62.6","*"," 0.00","G","999.9","000000"
"54511099999","2020-09-10","40.080111","116.584556","35.35","BEIJING CAPITAL INTERNATIONAL AIRPORT, CH","  69.7","24","  59.4","24","9999.9"," 0","999.9"," 0","  6.7","24","  5.5","24"," 11.7","999.9","  88.3"," ","  64.4","*"," 0.00","G","999.9","010000"
"54511099999","2020-09-11","40.080111","116.584556","35.35","BEIJING CAPITAL INTERNATIONAL AIRPORT, CH","  72.4","24","  58.1","24","9999.9"," 0","999.9"," 0","  6.7","24","  6.7","24"," 11.7","999.9","  79.7"," ","  64.4","*"," 0.09","G","999.9","010000"
"54511099999","2020-09-12","40.080111","116.584556","35.35","BEIJING CAPITAL INTERNATIONAL AIRPORT, CH","  69.7","24","  61.9","24","9999.9"," 0","999.9"," 0","  6.7","24","  3.2","24","  7.8","999.9","  80.6","*","  62.6","*"," 0.00","G","999.9","000000"
"54511099999","2020-09-13","40.080111","116.584556","35.35","BEIJING CAPITAL INTERNATIONAL AIRPORT, CH","  74.0","24","  63.1","24","9999.9"," 0","999.9"," 0","  6.1","24","  4.4","24","  7.8","999.9","  82.4","*","  64.0"," "," 0.00","G","999.9","000000"
"54511099999","2020-09-14","40.080111","116.584556","35.35","BEIJING CAPITAL INTERNATIONAL AIRPORT, CH","  72.5","24","  65.4","24","9999.9"," 0","999.9"," 0","  4.3","24","  3.9","24","  7.8","999.9","  81.5"," ","  67.8"," "," 0.00","G","999.9","010000"
"54511099999","2020-09-15","40.080111","116.584556","35.35","BEIJING CAPITAL INTERNATIONAL AIRPORT, CH","  65.1","24","  58.4","24","9999.9"," 0","999.9"," 0","  5.1","24","  4.9","24"," 15.5"," 19.4","  78.3"," ","  59.0","*"," 0.18","G","999.9","010000"
"54511099999","2020-09-16","40.080111","116.584556","35.35","BEIJING CAPITAL INTERNATIONAL AIRPORT, CH","  71.9","24","  36.6","24","9999.9"," 0","999.9"," 0","  6.7","24"," 12.3","24"," 21.4"," 35.0","  79.5"," ","  59.0","*"," 0.00","G","999.9","000000"
"54511099999","2020-09-17","40.080111","116.584556","35.35","BEIJING CAPITAL INTERNATIONAL AIRPORT, CH","  67.1","24","  43.2","24","9999.9"," 0","999.9"," 0","  6.7","24","  7.9","24"," 13.6"," 25.3","  82.4","*","  51.8","*"," 0.00","G","999.9","000000"
"54511099999","2020-09-18","40.080111","116.584556","35.35","BEIJING CAPITAL INTERNATIONAL AIRPORT, CH","  66.8","24","  44.7","24","9999.9"," 0","999.9"," 0","  6.7","24","  5.3","24"," 15.5"," 23.3","  82.8"," ","  50.0","*"," 0.00","G","999.9","000000"
"54511099999","2020-09-19","40.080111","116.584556","35.35","BEIJING CAPITAL INTERNATIONAL AIRPORT, CH","  69.0","24","  48.6","24","9999.9"," 0","999.9"," 0","  6.7","24","  4.6","24","  7.8","999.9","  84.4"," ","  54.9"," "," 0.00","G","999.9","000000"
"54511099999","2020-09-20","40.080111","116.584556","35.35","BEIJING CAPITAL INTERNATIONAL AIRPORT, CH","  69.1","24","  48.9","24","9999.9"," 0","999.9"," 0","  6.7","24","  3.6","24","  5.8","999.9","  84.4"," ","  57.2","*"," 0.00","G","999.9","000000"
"54511099999","2020-09-21","40.080111","116.584556","35.35","BEIJING CAPITAL INTERNATIONAL AIRPORT, CH","  68.7","24","  57.7","24","9999.9"," 0","999.9"," 0","  6.1","24","  3.4","24","  5.8","999.9","  80.4"," ","  59.0","*"," 0.00","G","999.9","000000"
"54511099999","2020-09-22","40.080111","116.584556","35.35","BEIJING CAPITAL INTERNATIONAL AIRPORT, CH","  69.7","24","  53.0","24","9999.9"," 0","999.9"," 0","  6.1","24","  4.0","24"," 11.7","999.9","  80.6","*","  60.8","*"," 0.00","G","999.9","000000"
"54511099999","2020-09-23","40.080111","116.584556","35.35","BEIJING CAPITAL INTERNATIONAL AIRPORT, CH","  63.0","24","  60.9","24","9999.9"," 0","999.9"," 0","  4.1","24","  2.5","24","  7.8","999.9","  80.2"," ","  60.8","*"," 1.07","G","999.9","010010"
"54511099999","2020-09-24","40.080111","116.584556","35.35","BEIJING CAPITAL INTERNATIONAL AIRPORT, CH","  64.4","24","  58.9","24","9999.9"," 0","999.9"," 0","  5.7","24","  2.4","24","  5.8","999.9","  75.6"," ","  57.2","*"," 0.00","G","999.9","000000"
"54511099999","2020-09-25","40.080111","116.584556","35.35","BEIJING CAPITAL INTERNATIONAL AIRPORT, CH","  65.8","24","  58.1","24","9999.9"," 0","999.9"," 0","  5.6","24","  3.2","24","  5.8","999.9","  78.8","*","  55.4","*"," 0.00","G","999.9","000000"
"54511099999","2020-09-26","40.080111","116.584556","35.35","BEIJING CAPITAL INTERNATIONAL AIRPORT, CH","  66.5","24","  59.0","24","9999.9"," 0","999.9"," 0","  4.1","24","  2.8","24","  5.8","999.9","  78.8","*","  55.4","*"," 0.00","G","999.9","000000"
"54511099999","2020-09-27","40.080111","116.584556","35.35","BEIJING CAPITAL INTERNATIONAL AIRPORT, CH","  67.5","24","  58.7","24","9999.9"," 0","999.9"," 0","  4.4","24","  3.2","24","  7.8","999.9","  80.6","*","  57.2","*"," 0.00","G","999.9","000000"
"54511099999","2020-09-28","40.080111","116.584556","35.35","BEIJING CAPITAL INTERNATIONAL AIRPORT, CH","  68.6","24","  61.3","24","9999.9"," 0","999.9"," 0","  3.9","24","  5.0","24"," 11.7","999.9","  78.8"," ","  59.0","*"," 1.22","G","999.9","010010"
"54511099999","2020-09-29","40.080111","116.584556","35.35","BEIJING CAPITAL INTERNATIONAL AIRPORT, CH","  57.9","24","  51.5","24","9999.9"," 0","999.9"," 0","  6.5","24","  4.0","24","  7.8","999.9","  77.4"," ","  48.2","*"," 0.14","G","999.9","010000"
"54511099999","2020-09-30","40.080111","116.584556","35.35","BEIJING CAPITAL INTERNATIONAL AIRPORT, CH","  63.3","24","  49.7","24","9999.9"," 0","999.9"," 0","  6.2","24","  5.2","24"," 11.7","999.9","  71.6","*","  51.3"," "," 0.07","G","999.9","010000"
"54511099999","2020-10-01","40.080111","116.584556","35.35","BEIJING CAPITAL INTERNATIONAL AIRPORT, CH","  60.2","24","  48.1","24","9999.9"," 0","999.9"," 0","  4.8","24","  5.0","24"," 15.5","999.9","  69.3"," ","  50.0","*"," 0.00","G","999.9","010000"
"54511099999","2020-10-02","40.080111","116.584556","35.35","BEIJING CAPITAL INTERNATIONAL AIRPORT, CH","  58.0","24","  35.2","24","9999.9"," 0","999.9"," 0","  6.7","24","  7.3","24"," 15.5"," 27.2","  71.6","*","  42.8","*"," 0.00","G","999.9","000000"
"54511099999","2020-10-03","40.080111","116.584556","35.35","BEIJING CAPITAL INTERNATIONAL AIRPORT, CH","  60.7","24","  32.5","24","9999.9"," 0","999.9"," 0","  6.7","24"," 12.0","24"," 25.3"," 33.0","  73.4","*","  47.3"," "," 0.00","G","999.9","000000"
"54511099999","2020-10-04","40.080111","116.584556","35.35","BEIJING CAPITAL INTERNATIONAL AIRPORT, CH","  57.9","24","  24.4","24","9999.9"," 0","999.9"," 0","  6.7","24"," 12.3","24"," 23.3"," 33.0","  72.9"," ","  42.8","*"," 0.00","G","999.9","000000"
"54511099999","2020-10-05","40.080111","116.584556","35.35","BEIJING CAPITAL INTERNATIONAL AIRPORT, CH","  53.4","24","  30.9","24","9999.9"," 0","999.9"," 0","  6.7","24","  5.3","24"," 17.5"," 21.4","  69.8","*","  39.2","*"," 0.00","G","999.9","000000"
"54511099999","2020-10-06","40.080111","116.584556","35.35","BEIJING CAPITAL INTERNATIONAL AIRPORT, CH","  57.3","24","  40.6","24","9999.9"," 0","999.9"," 0","  6.3","24","  3.6","24","  7.8","999.9","  69.8"," ","  43.2"," "," 0.00","G","999.9","000000"
"54511099999","2020-10-07","40.080111","116.584556","35.35","BEIJING CAPITAL INTERNATIONAL AIRPORT, CH","  55.5","24","  46.5","24","9999.9"," 0","999.9"," 0","  5.6","24","  2.3","24","  5.8","999.9","  72.0"," ","  42.8","*"," 0.00","G","999.9","000000"
"54511099999","2020-10-08","40.080111","116.584556","35.35","BEIJING CAPITAL INTERNATIONAL AIRPORT, CH","  58.5","24","  48.9","24","9999.9"," 0","999.9"," 0","  4.1","24","  3.2","24","  5.8","999.9","  72.0"," ","  47.7"," "," 0.00","G","999.9","000000"
"54511099999","2020-10-09","40.080111","116.584556","35.35","BEIJING CAPITAL INTERNATIONAL AIRPORT, CH","  58.5","24","  50.5","24","9999.9"," 0","999.9"," 0","  2.3","24","  2.0","24","  5.8","999.9","  71.6","*","  48.2","*"," 0.00","G","999.9","000000"
"54511099999","2020-10-10","40.080111","116.584556","35.35","BEIJING CAPITAL INTERNATIONAL AIRPORT, CH","  62.1","24","  53.1","24","9999.9"," 0","999.9"," 0","  2.9","24","  3.7","24","  9.7","999.9","  73.8"," ","  52.3"," "," 0.00","G","999.9","000000"
"54511099999","2020-10-11","40.080111","116.584556","35.35","BEIJING CAPITAL INTERNATIONAL AIRPORT, CH","  55.1","24","  33.1","24","9999.9"," 0","999.9"," 0","  6.6","24","  8.0","24"," 15.5","999.9","  73.8"," ","  35.6","*"," 0.00","G","999.9","000000"
"54511099999","2020-10-12","40.080111","116.584556","35.35","BEIJING CAPITAL INTERNATIONAL AIRPORT, CH","  51.8","24","  31.0","24","9999.9"," 0","999.9"," 0","  6.5","24","  4.1","24"," 11.7","999.9","  66.2"," ","  37.4","*"," 0.00","G","999.9","000000"
"54511099999","2020-10-13","40.080111","116.584556","35.35","BEIJING CAPITAL INTERNATIONAL AIRPORT, CH","  58.9","24","  21.1","24","9999.9"," 0","999.9"," 0","  6.2","24","  7.4","24"," 13.6"," 25.3","  71.6","*","  42.8"," "," 0.00","G","999.9","000000"
"54511099999","2020-10-14","40.080111","116.584556","35.35","BEIJING CAPITAL INTERNATIONAL AIRPORT, CH","  46.8","24","  26.7","24","9999.9"," 0","999.9"," 0","  6.7","24","  3.6","24","  7.8","999.9","  70.3"," ","  35.6","*"," 0.00","G","999.9","000000"
"54511099999","2020-10-15","40.080111","116.584556","35.35","BEIJING CAPITAL INTERNATIONAL AIRPORT, CH","  56.3","24","  40.7","24","9999.9"," 0","999.9"," 0","  5.3","24","  4.5","24"," 11.7","999.9","  66.2","*","  38.7"," "," 0.00","G","999.9","010000"
"54511099999","2020-10-16","40.080111","116.584556","35.35","BEIJING CAPITAL INTERNATIONAL AIRPORT, CH","  53.6","24","  24.4","24","9999.9"," 0","999.9"," 0","  6.7","24","  6.4","24"," 15.5"," 21.4","  68.0","*","  33.8","*"," 0.00","G","999.9","010000"
"54511099999","2020-10-17","40.080111","116.584556","35.35","BEIJING CAPITAL INTERNATIONAL AIRPORT, CH","  53.7","24","  31.7","24","9999.9"," 0","999.9"," 0","  6.3","24","  4.2","24"," 11.7","999.9","  73.4","*","  37.4","*"," 0.00","G","999.9","000000"
"54511099999","2020-10-18","40.080111","116.584556","35.35","BEIJING CAPITAL INTERNATIONAL AIRPORT, CH","  53.4","24","  35.4","24","9999.9"," 0","999.9"," 0","  6.3","24","  3.7","24","  7.8","999.9","  73.2"," ","  39.2","*"," 0.00","G","999.9","000000"
"54511099999","2020-10-19","40.080111","116.584556","35.35","BEIJING CAPITAL INTERNATIONAL AIRPORT, CH","  54.6","24","  36.9","24","9999.9"," 0","999.9"," 0","  5.4","24","  3.3","24","  9.7"," 15.5","  73.4","*","  41.0","*"," 0.00","G","999.9","000000"
"54511099999","2020-10-20","40.080111","116.584556","35.35","BEIJING CAPITAL INTERNATIONAL AIRPORT, CH","  54.9","24","  41.0","24","9999.9"," 0","999.9"," 0","  3.3","24","  5.3","24"," 15.5","999.9","  71.6"," ","  45.0"," "," 0.00","G","999.9","000000"
"54511099999","2020-10-21","40.080111","116.584556","35.35","BEIJING CAPITAL INTERNATIONAL AIRPORT, CH","  48.0","24","  20.3","24","9999.9"," 0","999.9"," 0","  6.4","24","  6.9","24"," 19.4","999.9","  62.6"," ","  33.8","*"," 0.00","G","999.9","000000"
"54511099999","2020-10-22","40.080111","116.584556","35.35","BEIJING CAPITAL INTERNATIONAL AIRPORT, CH","  51.2","24","  13.3","24","9999.9"," 0","999.9"," 0","  6.3","24"," 10.0","24"," 19.4"," 31.1","  62.6","*","  33.8","*"," 0.00","G","999.9","000000"
"54511099999","2020-10-23","40.080111","116.584556","35.35","BEIJING CAPITAL INTERNATIONAL AIRPORT, CH","  49.2","24","  24.5","24","9999.9"," 0","999.9"," 0","  6.2","24","  4.5","24","  9.7"," 21.4","  64.4"," ","  32.0","*"," 0.00","G","999.9","000000"
"54511099999","2020-10-24","40.080111","116.584556","35.35","BEIJING CAPITAL INTERNATIONAL AIRPORT, CH","  51.5","24","  30.9","24","9999.9"," 0","999.9"," 0","  6.1","24","  3.7","24","  7.8","999.9","  68.2"," ","  36.1"," "," 0.00","G","999.9","000000"
"54511099999","2020-10-25","40.080111","116.584556","35.35","BEIJING CAPITAL INTERNATIONAL AIRPORT, CH","  52.1","24","  39.8","24","9999.9"," 0","999.9"," 0","  4.6","24","  2.5","24","  5.8","999.9","  68.2"," ","  41.0","*"," 0.00","G","999.9","000000"
"54511099999","2020-10-26","40.080111","116.584556","35.35","BEIJING CAPITAL INTERNATIONAL AIRPORT, CH","  58.6","24","  27.8","24","9999.9"," 0","999.9"," 0","  5.0","24","  6.2","24"," 15.5"," 23.3","  75.2","*","  35.6","*"," 0.00","G","999.9","000000"
"54511099999","2020-10-27","40.080111","116.584556","35.35","BEIJING CAPITAL INTERNATIONAL AIRPORT, CH","  48.5","24","  21.3","24","9999.9"," 0","999.9"," 0","  6.7","24","  4.6","24","  9.7","999.9","  71.4"," ","  33.8","*"," 0.00","G","999.9","000000"
"54511099999","2020-10-28","40.080111","116.584556","35.35","BEIJING CAPITAL INTERNATIONAL AIRPORT, CH","  50.1","24","  22.4","24","9999.9"," 0","999.9"," 0","  6.2","24","  3.3","24","  5.8","999.9","  69.8","*","  33.8","*"," 0.00","G","999.9","000000"
"54511099999","2020-10-29","40.080111","116.584556","35.35","BEIJING CAPITAL INTERNATIONAL AIRPORT, CH","  46.0","24","  31.5","24","9999.9"," 0","999.9"," 0","  6.2","24","  2.0","24","  3.9","999.9","  66.2"," ","  33.8","*"," 0.00","G","999.9","000000"
"54511099999","2020-10-30","40.080111","116.584556","35.35","BEIJING CAPITAL INTERNATIONAL AIRPORT, CH","  52.6","24","  36.1","24","9999.9"," 0","999.9"," 0","  5.9","24","  3.6","24","  7.8","999.9","  66.2"," ","  37.0"," "," 0.00","G","999.9","010000"
"54511099999","2020-10-31","40.080111","116.584556","35.35","BEIJING CAPITAL INTERNATIONAL AIRPORT, CH","  56.0","24","  21.6","24","9999.9"," 0","999.9"," 0","  5.5","24","  7.5","24"," 21.4"," 27.2","  67.1"," ","  42.4"," "," 0.00","G","999.9","000000"
"54511099999","2020-11-01","40.080111","116.584556","35.35","BEIJING CAPITAL INTERNATIONAL AIRPORT, CH","  53.0","24","  15.6","24","9999.9"," 0","999.9"," 0","  6.7","24","  7.2","24"," 19.4"," 29.1","  67.1"," ","  39.2","*"," 0.00","G","999.9","000000"
"54511099999","2020-11-02","40.080111","116.584556","35.35","BEIJING CAPITAL INTERNATIONAL AIRPORT, CH","  42.9","24","   9.0","24","9999.9"," 0","999.9"," 0","  6.7","24","  7.6","24"," 19.4","999.9","  63.9"," ","  26.6","*"," 0.00","G","999.9","000000"
"54511099999","2020-11-03","40.080111","116.584556","35.35","BEIJING CAPITAL INTERNATIONAL AIRPORT, CH","  40.7","24","  15.9","24","9999.9"," 0","999.9"," 0","  6.7","24","  3.6","24"," 11.7"," 19.4","  57.2"," ","  24.8","*"," 0.00","G","999.9","000000"
"54511099999","2020-11-04","40.080111","116.584556","35.35","BEIJING CAPITAL INTERNATIONAL AIRPORT, CH","  41.6","24","  25.1","24","9999.9"," 0","999.9"," 0","  6.2","24","  2.8","24","  5.8","999.9","  59.0"," ","  30.2","*"," 0.00","G","999.9","000000"
"54511099999","2020-11-05","40.080111","116.584556","35.35","BEIJING CAPITAL INTERNATIONAL AIRPORT, CH","  46.6","24","  33.1","24","9999.9"," 0","999.9"," 0","  3.9","24","  3.3","24","  5.8","999.9","  60.8","*","  33.8","*"," 0.00","G","999.9","000000"
"54511099999","2020-11-06","40.080111","116.584556","35.35","BEIJING CAPITAL INTERNATIONAL AIRPORT, CH","  51.4","24","  22.3","24","9999.9"," 0","999.9"," 0","  5.7","24","  7.1","24"," 21.4"," 23.3","  66.2","*","  38.3"," "," 0.00","G","999.9","000000"
"54511099999","2020-11-07","40.080111","116.584556","35.35","BEIJING CAPITAL INTERNATIONAL AIRPORT, CH","  54.9","24","   9.0","24","9999.9"," 0","999.9"," 0","  6.2","24"," 14.3","24"," 27.2"," 36.9","  66.7"," ","  38.7"," "," 0.00","G","999.9","000000"
"54511099999","2020-11-08","40.080111","116.584556","35.35","BEIJING CAPITAL INTERNATIONAL AIRPORT, CH","  46.0","24","  16.1","24","9999.9"," 0","999.9"," 0","  6.4","24","  5.4","24","  9.7","999.9","  66.7"," ","  30.2","*"," 0.00","G","999.9","000000"
"54511099999","2020-11-09","40.080111","116.584556","35.35","BEIJING CAPITAL INTERNATIONAL AIRPORT, CH","  45.2","24","  21.1","24","9999.9"," 0","999.9"," 0","  6.2","24","  3.7","24","  7.8","999.9","  61.3"," ","  32.0","*"," 0.00","G","999.9","000000"
"54511099999","2020-11-10","40.080111","116.584556","35.35","BEIJING CAPITAL INTERNATIONAL AIRPORT, CH","  45.2","24","  25.6","24","9999.9"," 0","999.9"," 0","  6.2","24","  2.5","24","  5.8","999.9","  64.4"," ","  32.0","*"," 0.00","G","999.9","000000"
"54511099999","2020-11-11","40.080111","116.584556","35.35","BEIJING CAPITAL INTERNATIONAL AIRPORT, CH","  44.8","24","  33.5","24","9999.9"," 0","999.9"," 0","  4.5","24","  2.5","24","  5.8","999.9","  64.4"," ","  36.5"," "," 0.00","G","999.9","000000"
"54511099999","2020-11-12","40.080111","116.584556","35.35","BEIJING CAPITAL INTERNATIONAL AIRPORT, CH","  51.0","24","  24.9","24","9999.9"," 0","999.9"," 0","  5.2","24","  5.3","24","  9.7"," 19.4","  69.8","*","  37.2"," "," 0.00","G","999.9","000000"
"54511099999","2020-11-13","40.080111","116.584556","35.35","BEIJING CAPITAL INTERNATIONAL AIRPORT, CH","  47.8","24","  28.5","24","9999.9"," 0","999.9"," 0","  6.3","24","  3.4","24","  7.8","999.9","  68.9"," ","  35.6","*"," 0.00","G","999.9","000000"
"54511099999","2020-11-14","40.080111","116.584556","35.35","BEIJING CAPITAL INTERNATIONAL AIRPORT, CH","  45.2","24","  37.4","24","9999.9"," 0","999.9"," 0","  6.0","24","  2.3","24","  3.9","999.9","  61.5"," ","  35.6","*"," 0.00","G","999.9","010000"
"54511099999","2020-11-15","40.080111","116.584556","35.35","BEIJING CAPITAL INTERNATIONAL AIRPORT, CH","  43.6","24","  35.6","24","9999.9"," 0","999.9"," 0","  4.0","24","  2.4","24","  5.8","999.9","  60.8"," ","  33.8","*"," 0.00","G","999.9","000000"
"54511099999","2020-11-16","40.080111","116.584556","35.35","BEIJING CAPITAL INTERNATIONAL AIRPORT, CH","  50.6","23","  38.9","23","9999.9"," 0","999.9"," 0","  2.6","23","  2.8","23","  7.8","999.9","  60.8"," ","  40.5"," "," 0.00","G","999.9","010000"
"54511099999","2020-11-17","40.080111","116.584556","35.35","BEIJING CAPITAL INTERNATIONAL AIRPORT, CH","  49.8","24","  46.4","24","9999.9"," 0","999.9"," 0","  2.1","24","  4.7","24","  7.8","999.9","  55.6"," ","  46.4"," "," 0.12","G","999.9","010000"
"54511099999","2020-11-18","40.080111","116.584556","35.35","BEIJING CAPITAL INTERNATIONAL AIRPORT, CH","  46.3","24","  39.9","24","9999.9"," 0","999.9"," 0","  4.6","24"," 10.0","24"," 13.6"," 21.4","  52.2"," ","  39.2","*"," 0.76","G","999.9","010000"
"54511099999","2020-11-19","40.080111","116.584556","35.35","BEIJING CAPITAL INTERNATIONAL AIRPORT, CH","  39.3","24","  23.4","24","9999.9"," 0","999.9"," 0","  6.7","24","  7.4","24"," 13.6"," 21.4","  52.2"," ","  28.4","*"," 0.00","G","999.9","010000"
"54511099999","2020-11-20","40.080111","116.584556","35.35","BEIJING CAPITAL INTERNATIONAL AIRPORT, CH","  37.2","24","  20.9","24","9999.9"," 0","999.9"," 0","  6.7","24","  3.2","24","  7.8","999.9","  50.2"," ","  32.0","*"," 0.00","G","999.9","001000"
"54511099999","2020-11-21","40.080111","116.584556","35.35","BEIJING CAPITAL INTERNATIONAL AIRPORT, CH","  34.1","24","  26.7","24","9999.9"," 0","999.9"," 0","  4.9","24","  5.3","24"," 17.5","999.9","  46.6"," ","  26.6","*"," 0.22","G","999.9","011000"
"54511099999","2020-11-22","40.080111","116.584556","35.35","BEIJING CAPITAL INTERNATIONAL AIRPORT, CH","  33.6","24","   6.1","24","9999.9"," 0","999.9"," 0","  6.7","24"," 12.7","24"," 19.4"," 23.3","  39.2","*","  26.6","*"," 0.00","G","999.9","000000"
"54511099999","2020-11-23","40.080111","116.584556","35.35","BEIJING CAPITAL INTERNATIONAL AIRPORT, CH","  33.8","24","  10.2","24","9999.9"," 0","999.9"," 0","  6.7","24","  5.7","24"," 15.5","999.9","  44.6","*","  24.8","*"," 0.00","G","999.9","000000"
"54511099999","2020-11-24","40.080111","116.584556","35.35","BEIJING CAPITAL INTERNATIONAL AIRPORT, CH","  32.7","24","  16.7","24","9999.9"," 0","999.9"," 0","  6.1","24","  2.8","24","  5.8","999.9","  46.4","*","  24.8","*"," 0.00","G","999.9","000000"
"54511099999","2020-11-25","40.080111","116.584556","35.35","BEIJING CAPITAL INTERNATIONAL AIRPORT, CH","  36.0","24","  15.3","24","9999.9"," 0","999.9"," 0","  6.1","24","  5.7","24"," 11.7","999.9","  45.9"," ","  24.8","*"," 0.00","G","999.9","000000"
"54511099999","2020-11-26","40.080111","116.584556","35.35","BEIJING CAPITAL INTERNATIONAL AIRPORT, CH","  31.8","24","  16.5","24","9999.9"," 0","999.9"," 0","  6.5","24","  3.9","24","  9.7"," 14.6","  43.9"," ","  23.0","*"," 0.00","G","999.9","000000"
"54511099999","2020-11-27","40.080111","116.584556","35.35","BEIJING CAPITAL INTERNATIONAL AIRPORT, CH","  34.1","24","   8.7","24","9999.9"," 0","999.9"," 0","  6.6","24","  9.8","24"," 15.5","999.9","  42.8","*","  24.8","*"," 0.00","G","999.9","000000"
"54511099999","2020-11-28","40.080111","116.584556","35.35","BEIJING CAPITAL INTERNATIONAL AIRPORT, CH","  26.6","24","   8.6","24","9999.9"," 0","999.9"," 0","  6.7","24","  3.9","24","  9.7","999.9","  41.7"," ","  17.6","*"," 0.00","G","999.9","000000"
"54511099999","2020-11-29","40.080111","116.584556","35.35","BEIJING CAPITAL INTERNATIONAL AIRPORT, CH","  32.7","24","   7.9","24","9999.9"," 0","999.9"," 0","  6.3","24","  8.3","24"," 15.5"," 21.4","  42.8","*","  22.6"," "," 0.00","G","999.9","000000"
"54511099999","2020-11-30","40.080111","116.584556","35.35","BEIJING CAPITAL INTERNATIONAL AIRPORT, CH","  28.0","24","   9.5","24","9999.9"," 0","999.9"," 0","  6.9","24","  3.8","24","  9.7","999.9","  42.6"," ","  19.4","*"," 0.00","G","999.9","000000"
"54511099999","2020-12-01","40.080111","116.584556","35.35","BEIJING CAPITAL INTERNATIONAL AIRPORT, CH","  29.8","24","  12.4","24","9999.9"," 0","999.9"," 0","  6.7","24","  3.6","24","  7.8"," 13.6","  40.6"," ","  23.0","*"," 0.00","G","999.9","000000"
"54511099999","2020-12-02","40.080111","116.584556","35.35","BEIJING CAPITAL INTERNATIONAL AIRPORT, CH","  29.1","24","   7.3","24","9999.9"," 0","999.9"," 0","  6.1","24","  7.0","24"," 15.5","999.9","  38.1"," ","  15.8","*"," 0.00","G","999.9","000000"
"54511099999","2020-12-03","40.080111","116.584556","35.35","BEIJING CAPITAL INTERNATIONAL AIRPORT, CH","  31.9","24","   4.5","24","9999.9"," 0","999.9"," 0","  6.7","24"," 10.2","24"," 13.6"," 23.3","  39.7"," ","  21.2","*"," 0.00","G","999.9","000000"
"54511099999","2020-12-04","40.080111","116.584556","35.35","BEIJING CAPITAL INTERNATIONAL AIRPORT, CH","  28.9","24","   3.3","24","9999.9"," 0","999.9"," 0","  6.7","24","  9.7","24"," 15.5"," 25.3","  39.7"," ","  14.0","*"," 0.00","G","999.9","000000"
"54511099999","2020-12-05","40.080111","116.584556","35.35","BEIJING CAPITAL INTERNATIONAL AIRPORT, CH","  29.7","24","  10.2","24","9999.9"," 0","999.9"," 0","  6.6","24","  3.6","24","  5.8"," 15.5","  41.0","*","  17.6","*"," 0.00","G","999.9","000000"
"54511099999","2020-12-06","40.080111","116.584556","35.35","BEIJING CAPITAL INTERNATIONAL AIRPORT, CH","  31.6","24","   5.0","24","9999.9"," 0","999.9"," 0","  6.2","24"," 10.9","24"," 19.4"," 23.3","  43.2"," ","  17.6","*"," 0.00","G","999.9","000000"
"54511099999","2020-12-07","40.080111","116.584556","35.35","BEIJING CAPITAL INTERNATIONAL AIRPORT, CH","  25.5","24","  -2.3","24","9999.9"," 0","999.9"," 0","  6.7","24","  9.2","24"," 17.5"," 25.3","  43.2"," ","  10.4","*"," 0.00","G","999.9","000000"
"54511099999","2020-12-08","40.080111","116.584556","35.35","BEIJING CAPITAL INTERNATIONAL AIRPORT, CH","  28.2","24","   5.6","24","9999.9"," 0","999.9"," 0","  6.4","24","  3.8","24","  7.8","999.9","  36.5"," ","  15.3"," "," 0.00","G","999.9","000000"
"54511099999","2020-12-09","40.080111","116.584556","35.35","BEIJING CAPITAL INTERNATIONAL AIRPORT, CH","  24.1","24","  11.4","24","9999.9"," 0","999.9"," 0","  6.1","24","  3.0","24","  7.8","999.9","  37.9"," ","  12.2","*"," 0.00","G","999.9","000000"
"54511099999","2020-12-10","40.080111","116.584556","35.35","BEIJING CAPITAL INTERNATIONAL AIRPORT, CH","  32.6","24","  14.3","24","9999.9"," 0","999.9"," 0","  6.0","24","  5.3","24"," 17.5"," 25.3","  48.2","*","  17.6","*"," 0.00","G","999.9","000000"
"54511099999","2020-12-11","40.080111","116.584556","35.35","BEIJING CAPITAL INTERNATIONAL AIRPORT, CH","  29.7","24","  14.7","24","9999.9"," 0","999.9"," 0","  5.9","24","  3.2","24","  7.8","999.9","  45.1"," ","  15.8","*"," 0.00","G","999.9","000000"
"54511099999","2020-12-12","40.080111","116.584556","35.35","BEIJING CAPITAL INTERNATIONAL AIRPORT, CH","  30.7","24","  19.1","24","9999.9"," 0","999.9"," 0","  4.7","24","  7.6","24"," 21.4","999.9","  43.9"," ","  19.4","*"," 0.00","G","999.9","001000"
"54511099999","2020-12-13","40.080111","116.584556","35.35","BEIJING CAPITAL INTERNATIONAL AIRPORT, CH","  19.5","24","  -4.5","24","9999.9"," 0","999.9"," 0","  6.7","24"," 10.8","24"," 21.4"," 31.1","  36.1"," ","   3.2","*"," 0.00","G","999.9","000000"
"54511099999","2020-12-14","40.080111","116.584556","35.35","BEIJING CAPITAL INTERNATIONAL AIRPORT, CH","  19.3","24","  -3.0","24","9999.9"," 0","999.9"," 0","  6.5","24","  7.4","24"," 19.4"," 25.3","  31.6"," ","   6.8","*"," 0.00","G","999.9","000000"
"54511099999","2020-12-15","40.080111","116.584556","35.35","BEIJING CAPITAL INTERNATIONAL AIRPORT, CH","  22.4","24","  -1.8","24","9999.9"," 0","999.9"," 0","  6.2","24","  4.9","24"," 11.7","999.9","  32.2"," ","  10.4","*"," 0.00","G","999.9","000000"
"54511099999","2020-12-16","40.080111","116.584556","35.35","BEIJING CAPITAL INTERNATIONAL AIRPORT, CH","  24.2","24","   1.7","24","9999.9"," 0","999.9"," 0","  6.5","24","  4.5","24","  9.7","999.9","  37.4","*","   8.6","*"," 0.00","G","999.9","000000"
"54511099999","2020-12-17","40.080111","116.584556","35.35","BEIJING CAPITAL INTERNATIONAL AIRPORT, CH","  24.7","24","   6.0","24","9999.9"," 0","999.9"," 0","  6.1","24","  4.9","24","  9.7","999.9","  37.6"," ","  15.8"," "," 0.00","G","999.9","000000"
"54511099999","2020-12-18","40.080111","116.584556","35.35","BEIJING CAPITAL INTERNATIONAL AIRPORT, CH","  20.1","24","  -3.1","24","9999.9"," 0","999.9"," 0","  6.7","24","  4.6","24","  9.7","999.9","  37.6"," ","   6.8","*"," 0.00","G","999.9","000000"
"54511099999","2020-12-19","40.080111","116.584556","35.35","BEIJING CAPITAL INTERNATIONAL AIRPORT, CH","  23.4","24","   4.3","24","9999.9"," 0","999.9"," 0","  6.4","24","  3.3","24","  5.8","999.9","  37.8"," ","  10.4","*"," 0.00","G","999.9","000000"
"54511099999","2020-12-20","40.080111","116.584556","35.35","BEIJING CAPITAL INTERNATIONAL AIRPORT, CH","  25.2","24","   5.6","24","9999.9"," 0","999.9"," 0","  6.7","24","  4.7","24"," 11.7","999.9","  41.0"," ","  12.2","*"," 0.00","G","999.9","000000"
"54511099999","2020-12-21","40.080111","116.584556","35.35","BEIJING CAPITAL INTERNATIONAL AIRPORT, CH","  25.5","24","   8.4","24","9999.9"," 0","999.9"," 0","  6.1","24","  3.6","24","  5.8","999.9","  42.8","*","  14.0","*"," 0.00","G","999.9","000000"
"54511099999","2020-12-22","40.080111","116.584556","35.35","BEIJING CAPITAL INTERNATIONAL AIRPORT, CH","  29.3","24","  11.6","24","9999.9"," 0","999.9"," 0","  6.1","24","  4.5","24"," 19.4"," 25.3","  43.9"," ","  17.6","*"," 0.00","G","999.9","000000"
"54511099999","2020-12-23","40.080111","116.584556","35.35","BEIJING CAPITAL INTERNATIONAL AIRPORT, CH","  34.1","24","  -0.4","24","9999.9"," 0","999.9"," 0","  6.2","24"," 10.7","24"," 21.4"," 29.1","  45.0"," ","  18.5"," "," 0.00","G","999.9","000000"
"54511099999","2020-12-24","40.080111","116.584556","35.35","BEIJING CAPITAL INTERNATIONAL AIRPORT, CH","  28.2","24","  -2.1","24","9999.9"," 0","999.9"," 0","  6.7","24","  7.5","24"," 17.5"," 29.1","  45.0"," ","  10.4","*"," 0.00","G","999.9","000000"
"54511099999","2020-12-25","40.080111","116.584556","35.35","BEIJING CAPITAL INTERNATIONAL AIRPORT, CH","  25.9","24","   6.2","24","9999.9"," 0","999.9"," 0","  6.1","24","  2.5","24","  5.8","999.9","  46.4","*","  14.0","*"," 0.00","G","999.9","000000"
"54511099999","2020-12-26","40.080111","116.584556","35.35","BEIJING CAPITAL INTERNATIONAL AIRPORT, CH","  25.4","24","  15.0","24","9999.9"," 0","999.9"," 0","  6.2","24","  2.9","24","  7.8","999.9","  45.9"," ","  15.8","*"," 0.00","G","999.9","000000"
"54511099999","2020-12-27","40.080111","116.584556","35.35","BEIJING CAPITAL INTERNATIONAL AIRPORT, CH","  30.1","24","  17.5","24","9999.9"," 0","999.9"," 0","  5.4","24","  2.8","24","  7.8","999.9","  45.5"," ","  19.4"," "," 0.00","G","999.9","000000"
"54511099999","2020-12-28","40.080111","116.584556","35.35","BEIJING CAPITAL INTERNATIONAL AIRPORT, CH","  26.1","24","   3.3","24","9999.9"," 0","999.9"," 0","  5.7","24","  9.6","24"," 23.3"," 31.1","  45.5"," ","  12.2","*"," 0.00","G","999.9","000000"
"54511099999","2020-12-29","40.080111","116.584556","35.35","BEIJING CAPITAL INTERNATIONAL AIRPORT, CH","  11.2","24"," -23.6","24","9999.9"," 0","999.9"," 0","  6.7","24"," 16.8","24"," 27.2"," 36.9","  35.8"," ","   6.8","*"," 0.00","G","999.9","000000"
"54511099999","2020-12-30","40.080111","116.584556","35.35","BEIJING CAPITAL INTERNATIONAL AIRPORT, CH","  15.7","24"," -14.3","24","9999.9"," 0","999.9"," 0","  6.7","24"," 11.7","24"," 21.4"," 31.1","  21.9"," ","   5.0","*"," 0.00","G","999.9","000000"
"54511099999","2020-12-31","40.080111","116.584556","35.35","BEIJING CAPITAL INTERNATIONAL AIRPORT, CH","  21.2","24","  -7.8","24","9999.9"," 0","999.9"," 0","  6.4","24","  6.9","24"," 17.5"," 27.2","  33.8","*","   5.0","*"," 0.00","G","999.9","000000"
